-- phpMyAdmin SQL Dump
-- version 5.1.1
-- https://www.phpmyadmin.net/
--
-- Hôte : 127.0.0.1
-- Généré le : ven. 10 mai 2024 à 16:50
-- Version du serveur : 10.4.22-MariaDB
-- Version de PHP : 8.1.2

SET SQL_MODE = "NO_AUTO_VALUE_ON_ZERO";
START TRANSACTION;
SET time_zone = "+00:00";


/*!40101 SET @OLD_CHARACTER_SET_CLIENT=@@CHARACTER_SET_CLIENT */;
/*!40101 SET @OLD_CHARACTER_SET_RESULTS=@@CHARACTER_SET_RESULTS */;
/*!40101 SET @OLD_COLLATION_CONNECTION=@@COLLATION_CONNECTION */;
/*!40101 SET NAMES utf8mb4 */;

--
-- Base de données : `kretz_darmoise_w`
--
CREATE DATABASE IF NOT EXISTS `kretz_darmoise_w` DEFAULT CHARACTER SET utf8mb4 COLLATE utf8mb4_general_ci;
USE `kretz_darmoise_w`;

-- --------------------------------------------------------

--
-- Structure de la table `dislike`
--

CREATE TABLE `dislike` (
  `ID` int(11) NOT NULL,
  `ID_user` int(11) NOT NULL,
  `ID_post` int(11) NOT NULL,
  `date` datetime NOT NULL DEFAULT current_timestamp()
) ENGINE=InnoDB DEFAULT CHARSET=utf8mb4;

--
-- Déchargement des données de la table `dislike`
--

INSERT INTO `dislike` (`ID`, `ID_user`, `ID_post`, `date`) VALUES
(1, 3, 5, '2024-05-10 15:57:01'),
(2, 3, 4, '2024-05-10 15:57:03');

-- --------------------------------------------------------

--
-- Structure de la table `follow`
--

CREATE TABLE `follow` (
  `ID` int(11) NOT NULL,
  `ID_user` int(11) NOT NULL,
  `ID_followed` int(11) NOT NULL,
  `date` datetime NOT NULL DEFAULT current_timestamp()
) ENGINE=InnoDB DEFAULT CHARSET=utf8mb4;

--
-- Déchargement des données de la table `follow`
--

INSERT INTO `follow` (`ID`, `ID_user`, `ID_followed`, `date`) VALUES
(1, 2, 1, '2024-05-10 15:51:17');

-- --------------------------------------------------------

--
-- Structure de la table `like`
--

CREATE TABLE `like` (
  `ID` int(11) NOT NULL,
  `ID_user` int(11) NOT NULL,
  `ID_post` int(11) NOT NULL,
  `date` datetime NOT NULL DEFAULT current_timestamp()
) ENGINE=InnoDB DEFAULT CHARSET=utf8mb4;

--
-- Déchargement des données de la table `like`
--

INSERT INTO `like` (`ID`, `ID_user`, `ID_post`, `date`) VALUES
(1, 1, 1, '2024-05-10 15:49:12'),
(2, 2, 1, '2024-05-10 15:51:14'),
(3, 3, 1, '2024-05-10 15:53:27'),
(4, 2, 3, '2024-05-10 15:56:13');

-- --------------------------------------------------------

--
-- Structure de la table `notification`
--

CREATE TABLE `notification` (
  `ID` int(11) NOT NULL,
  `ID_post` int(11) DEFAULT NULL,
  `ID_user` int(11) NOT NULL,
  `title` varchar(50) NOT NULL,
  `content` varchar(500) NOT NULL,
  `date` datetime NOT NULL DEFAULT current_timestamp(),
  `isRead` tinyint(1) NOT NULL DEFAULT 0,
  `isDisplayed` tinyint(1) NOT NULL DEFAULT 0
) ENGINE=InnoDB DEFAULT CHARSET=utf8mb4;

--
-- Déchargement des données de la table `notification`
--

INSERT INTO `notification` (`ID`, `ID_post`, `ID_user`, `title`, `content`, `date`, `isRead`, `isDisplayed`) VALUES
(1, 1, 1, 'Like', '<a href=\'user.php?id=1\'>TimCraft</a> a liké l\'un de vos <a href=\'post.php?id=1\'>posts</a>.', '2024-05-10 15:49:12', 0, 0),
(2, 1, 1, 'Nouveau commentaire', 'Votre <a href=\'post.php?id=1\'>post</a> a reçu un nouveau commentaire par <a href=\'user.php?id=2\'>Gabi</a>.', '2024-05-10 15:51:12', 0, 0),
(3, 1, 1, 'Like', '<a href=\'user.php?id=2\'>Gabi</a> a liké l\'un de vos <a href=\'post.php?id=1\'>posts</a>.', '2024-05-10 15:51:14', 0, 0),
(4, 1, 1, 'Like', '<a href=\'user.php?id=3\'>LeBoss</a> a liké l\'un de vos <a href=\'post.php?id=1\'>posts</a>.', '2024-05-10 15:53:27', 0, 0),
(5, 3, 3, 'Like', '<a href=\'user.php?id=2\'>Gabi</a> a liké l\'un de vos <a href=\'post.php?id=3\'>posts</a>.', '2024-05-10 15:56:13', 0, 1),
(6, 5, 2, 'Warning', 'Post provocateur', '2024-05-10 15:56:47', 0, 0),
(7, 5, 2, 'Dislike', '<a href=\'user.php?id=3\'>LeBoss</a> a disliké l\'un de vos <a href=\'post.php?id=5\'>posts</a>.', '2024-05-10 15:57:01', 0, 0),
(8, 4, 2, 'Dislike', '<a href=\'user.php?id=3\'>LeBoss</a> a disliké l\'un de vos <a href=\'post.php?id=4\'>posts</a>.', '2024-05-10 15:57:03', 0, 0);

-- --------------------------------------------------------

--
-- Structure de la table `post`
--

CREATE TABLE `post` (
  `ID` int(11) NOT NULL,
  `ID_user` int(11) NOT NULL,
  `ID_post` int(11) DEFAULT NULL,
  `content` varchar(300) NOT NULL,
  `displayedcontent` varchar(1000) NOT NULL,
  `date` datetime NOT NULL DEFAULT current_timestamp(),
  `isSensible` tinyint(1) NOT NULL DEFAULT 0,
  `isDeleted` tinyint(1) NOT NULL DEFAULT 0,
  `imageURL` varchar(500) DEFAULT NULL
) ENGINE=InnoDB DEFAULT CHARSET=utf8mb4;

--
-- Déchargement des données de la table `post`
--

INSERT INTO `post` (`ID`, `ID_user`, `ID_post`, `content`, `displayedcontent`, `date`, `isSensible`, `isDeleted`, `imageURL`) VALUES
(1, 1, NULL, 'C&#039;est mon premier post ! Comment vous allez ? #first', 'C&#039;est mon premier post ! Comment vous allez ? <a class=\'hashtag\' href=\'index.php?q=first\'>#first</a>', '2024-05-10 15:49:10', 0, 0, NULL),
(2, 2, 1, 'Ca va bien et toi ?', 'Ca va bien et toi ?', '2024-05-10 15:51:12', 0, 0, NULL),
(3, 3, NULL, 'Si vous avez la moindre question, n&#039;hésitez pas !', 'Si vous avez la moindre question, n&#039;hésitez pas !', '2024-05-10 15:53:20', 0, 0, NULL),
(4, 2, NULL, 'Vous aimez bien mon nouvel emploi du temps ?', 'Vous aimez bien mon nouvel emploi du temps ?', '2024-05-10 15:55:53', 0, 0, 'imgPost/4.png'),
(5, 2, NULL, 'Je vous emmerde !', 'Je vous emmerde !', '2024-05-10 15:56:09', 1, 0, NULL);

-- --------------------------------------------------------

--
-- Structure de la table `user`
--

CREATE TABLE `user` (
  `ID` int(11) NOT NULL,
  `username` varchar(25) NOT NULL,
  `email` varchar(100) NOT NULL,
  `password` varchar(50) NOT NULL,
  `first_name` varchar(50) NOT NULL,
  `last_name` varchar(50) NOT NULL,
  `adress` varchar(100) NOT NULL,
  `birth_date` date NOT NULL,
  `profile_picture` mediumblob NOT NULL,
  `isWarn` tinyint(1) NOT NULL DEFAULT 0,
  `isBan` tinyint(1) NOT NULL DEFAULT 0,
  `isAdmin` tinyint(1) NOT NULL DEFAULT 0
) ENGINE=InnoDB DEFAULT CHARSET=utf8mb4;

--
-- Déchargement des données de la table `user`
--

INSERT INTO `user` (`ID`, `username`, `email`, `password`, `first_name`, `last_name`, `adress`, `birth_date`, `profile_picture`, `isWarn`, `isBan`, `isAdmin`) VALUES
(1, 'TimCraft', 'timothe.darmoise@utbm.fr', 'password', 'Timothé', 'Darmoise', '12 rue des Chênes', '2003-06-29', 0x89504e470d0a1a0a0000000d4948445200000258000002580806000000be6698dc0000000467414d410000b18f0bfc6105000000206348524d00007a26000080840000fa00000080e8000075300000ea6000003a98000017709cba513c00000006624b474400ff00ff00ffa0bda7930000002574455874646174653a63726561746500323032342d30342d32395430363a35383a35352b30303a303068af74a10000002574455874646174653a6d6f6469667900323032342d30342d32395430363a35383a35352b30303a303019f2cc1d00000215695458746f70656e62616467657300000000007b2240636f6e74657874223a2268747470733a2f2f773369642e6f72672f6f70656e6261646765732f7632222c226261646765223a2268747470733a2f2f7777772e637265646c792e636f6d2f6170692f76312f6f62692f76322f697373756572732f37343338313037382d343461632d343538312d383437312d3336626431636534393562372f62616467655f636c61737365732f32323764616664652d356630372d343936382d616532662d373565383234366638356233222c2265766964656e6365223a5b5d2c226964223a2268747470733a2f2f7777772e637265646c792e636f6d2f6170692f76312f6f62692f76322f62616467655f617373657274696f6e732f32643733663833662d646133642d343763392d623161302d656333333931653132313363222c226973737565644f6e223a22323032342d30312d33315431323a33393a32362e3030305a222c22726563697069656e74223a7b2274797065223a22656d61696c222c226964656e74697479223a227368613235362461623762353466386632346439616630346465343331643239376639653138343161656234353637393762316132393162636534626439343465393462376433222c22686173686564223a747275657d2c2274797065223a22417373657274696f6e222c22766572696669636174696f6e223a7b2274797065223a22686f73746564227d7de156c8e4000000097048597300000b1200000b1201d2dd7efc000080004944415478daeddd7d7454659e2ffaefdef596ca4b25a4909740244a0495b7380ed88d0a71641aae63431ce7b66df7390db8c659334d9f115b7bbadb592ad873ecee33dae29cc199d5ce15e873a66dbd9723623757a6750cb4322ac74b10b405518311244885a492d4fbcbfd63d7ded955a9975d55bb6aefaafa7ed66241924ad5debb8ad437cff37b7e8f108fc7510d847d835d003a00c87f77006801b0c4e863232222a2498e021806d09ff8d307a03f7ecbf43ea30f4c0f4225062c61df600b80eec49f2e002b8d3e26222222d2cd014881ab17406ffc96e9c3461f50be2a26602546a87a127f382a454444543b8e02d803604fa58c70993a6009fb063b006c8614aae6187d3c44444464b8d390c2d6b6f82dd3fb8d3e984c4c19b0847d831b006c00a7fe88888828b3030076c66f99bed3e80349659a8095a8abda0c295871b48a888888b43a0d6027a451ad61a30f063041c05205abcd009a8dbe2044444454b146006c83098296a1014bd837b819c0163058111111917e46006c89df327d9b51076048c012f60d76431acae3542011111195ca69001be2b74cef2df70397356025a60377025857ee13252222a29af522a4a0355cae0714cbf540c2bec11e489d5a19ae888888a89cd601e84f6491b228f9085662d46a1b80f5e53a29222222a20c7601d85cead1ac9206ac44f7f59d60e775222222328fa390a60cfb4af500259b224c0cc3f582e18a888888cc650980de524e1996246009fb06b70078016cbf40444444e6d40ce0854466d19dee5384c2bec19d60bd15111111558e5df15ba66fd0f30e751dc162b8222222a20ab43e916174a3cb085662a5602f586f4544444495eb28806e3d5618ea3582d50b862b222222aa6c4b20659aa2151db012436a0c57444444540d96e8315d5854c062cd1511111155a1a26bb20a0e5889658d0c57444444548dd617d3c2a1a022f74463ae178c3e73222222a212bb2d7ecbf43df97e53de012bb1fd4d2fd84494888888aadf08a495857df97c535e018bed18cc67c36c277aa63bd06213d0e78d60db273ef4fba3461f56456bb109ca7505c0eb4a444479b76fc83760ed04ebae4ca3ef063796b8ac499f1b89c4d1f3ce307a3d21a30faf22b5d804f45ed79af6ba76bf39843e6fc4e84324222263e4d5ed5d73917ba2ee8ae1ca24365f563f29040040b355c0cec52ea30faf626dee68c8785db75ddd64f4e111119171d6e7b339b4a68095981adc69f499d10479fa2a9d394e0bbadd76a30fb1226d985d97f16b2b5bed68b109461f2211111967672213e564d5722348e18a45ed54f5e6382d59bfdee5b271fa3503dbe143b0bdfd86f27168c52a44165da3dbfd8b670650b7e7570080f0b2eb115ebadce853a60aa07edd4467b523d8f3f5923e0600047abe8ed8ac76a34f9d4aa3195226eac975c39c014bd837d80d609dd1674444e6260e5d80e5a393cac775670630de391f7167bd2ef72ff87dcafd473be71b7dba5421d4af9b723d86e0f7197dda545aeb847d83ddf15ba6f766bb919629c29d469f0911551e21e047ddb33b8c3e0c22a252d899eb06590396b06f70338039469f05115526ebf13e588f1d31fa308888f43627919132ca38459828e2da62f4191051e589d7392104fc0080ba6777c037eb52c45add461f565938f6ef857dff4b0000dfb7efe774660d8876cec7e8cf9e36fa30a8fcb608fb067766ea8d956d046b3358d84e440508af5c85589b54e42b4d153e63f4211111e9ad1952564a2b6dc04a8c5e65fc2622a25cfc776e44bcce0900b07c7412f683af187d4844447adb9ca96d43a611accde0e81511152136ab1da1356b958fed2fef8538e431fab08888f49471142b53c0da60f4111351e50bad5885e8dc790038554844556b43ba4f4e2a7217f60d6e00570e12914e0277de85fac7b64208f861f9e8241cfbf722b87a6df1775c20ebb123b07c740296330310fc7e886707109be246bcd58d58eb54443be723b2b04b73ff2ec1ef83786660e263d5289de5ec40daef89cd6a57ee5ffdfd71677d410d2a2da74e28ff8eb74ecd7b418138e481307421efef17873cb01e3f02cba913ca790801bf12aaa39df3115e784dc14d37e5f3525f2ff9f3b6c38794de6bd1b9f31077d64b815ec74505eaeb92ebdac8c7aae53994ef37dd6dc5210f6c87df485cd3c4ebb3ad1d71a713d159ed082fbd5eb726a6b6c38760397502e2d085a4e72eeeac4ffc3fb866d2f98a670620f87d05bf56abd41c61dfe086f82dd377aa3f996e15e106a38fb45a75bbede86eb5a3df1f45af27847e7fd4e843d274ac7b0603180e6bdf149cc79a59cf7407ba5c36f479c3e81d0a99fa58f5126b7523b4662d1c7b9e0300d8f7bf54d49b6ea16c870f49d39417274f538a173dc0450f2c1f9d84edf021c4eb9c08af5ca529088a670650ffd46369bf269f73aad4d585f2f7c7eb9c187bf41ff23aafd4c78fb5b563fcfe87f2ba0ffbfebdb01d3e0400f06ffc76ce8025772ecfd4c053febce5a393b0ef7f09b1b676047aeec83bfcc8e715ecb903a115ab20f87da87b7607acc7fbd23e5e6c56bb6e01cb72ea049ccf6c5756c3c6dadae1db747fce638dce9d07dfa6ef65bd6fdbe13760dfff52d2f32df87d70ec794e791e92ae7722a84bb58caf223a771efc776d2ab889affde02bb0bfbc5739b774d7d27abc0f8e3dcf21bc7439823d77288f253fef5aceb3c66c404a6faca48025ec1bec00b0d2e8a3ac362d3601bdd7b54eda4478e3bb5eecfccc5fe0bd96ef58b7459ab0f9fd51d31d6b97cb8a3dd7b6246d6f5349c73a128963c3d111ec190c1a7d7825175ab12a317224fdf0763ebb23ef1050a8746fcaf13a27a29df393429e7866401a3508f82104fcb0ef7f09d6637df06dba5fb76ef4e9c49df5882cec82f5781f84801fd66347f2da62c8763cb9cf98787600e29027af512c65f4a5ce99f3b16d870f4d6a201b6b6b47a4731e9032ca243fdfe25929048656dc5cd056357267f4faed8f296143169d3b4f197dd14bea39a6860cbdc8c72c9e1940fdf6bf573e4e7d7daa5f9b8014821a7ef403f8367d2faf5f5404bf0fce67b64f0ac649cf9fdf07cb9901e536f22897ffae4d88cd6a4f1aa1a5242b857d831df15ba6f7cb9f481dc1da6cf41156a33dd7b64c0a5700b063b14b19cd328b7441b0d92a98f258772e6e9eb477a07cac661a216cb109e8fd522b9aadc91b45375b05ec5cd28caedf794c73aca5a49e2a14cf0e9465aa50f0fb92de94e591a9d08a5519df2c6d870fc1f1c2af94e3acdffe58d690159bd50edfb7ef4ffa7e791422d87307a26ded69bf472db2e81a25005a8ff7e515b0acc7fa267feef8118456acd2f4fde2990165542fd7e88fbac7170044167621d8f3f5f4616eb534dda51e1db31f7c1582df8fc09d1b359f9ffab1e5e7313a771e82abd7261dafe0f741f0171fb2ea9edd91348a145afdd592be4ec5218f12aee2754e046ffb7ac67d36d5af4d21e087f3d91d9a7f0148fdbf0000a1153723bce28fd33e7f82df07fbc157603bf00ac48bd231faee7f38ed083029364395a3528bdc7b8c3eba6ad3e5b26265ab3de3d7377794ee37e3428e355d10946d985567f4212abaddf6ecc73adb69f4212a7aa6d74d0a57b266ab60aa632da558ab3be98dd5beffa5a4daa55270ec792e295cf9367d0fc1d56bb3be2185972ec7f8833f51fa78896707b26ef923d7abc87fe2aa37ab685b7bd2d794dba43c7e74ee445050d753e5220e7992424721f761fd68e2b6d9829df5d891a47015ecb9431ad5c83252263fe7eae7dd76f850de2d3bacc7fa94c70e2f5d0edfa6ef4d0a8371677d51cd6ca500f2f74ab88ad73911b87363c97f09a87bf6190801bf34b5fbe04fb26e622e9fbbdcfe443c3ba0f95ada5501355ee784efdbf7670ec789eb195cbd561a256b6be722156d7ad41f28014bd837d80516b7ebaec526e6f8baa0f19e8c3fd68e7a8bc67b2abdee2ca11500badd36a30f51d1e134cf75335a64d135882cec523e763ebba3641be3ca85d0c044b8d23a9d1277d6c3b7e97ec4a6486f3ea5def227d6ea9e0874173d9a83a755353d185ab12ae978b55e57f579a9839e9a3ccd3af158376b1e2103a460a00e598e3dcfe5d5b2431d220b19fdca79ff67a4914a795a4c7ebd640b3b7ab17c7412b1296ecd2351b159ed08de3631cd6a7dfb50ceefb19c3a01fbc157958f03776ed45cab169bd52ed57bd5394bbe6976159893c852009247b07a8c3e3222aa7e01550352f1ec00ecfbf796e471926a6856aecabba83eeeac9f140a4a29bc6ce2cd3cb5ae2a93d4daa9c8a22ee56ba985e0e9087edf4481785b7bc6d10cfbc157268abda7b80baaa30a2f5d9e34ca56c8f31eb8f3aebcbf47cb35acdffef74a88934792cab9082370e7c6bceabbc24b972b615abce8c91956d5a35ce1a5cbf39a8206a45f00d4a18eb2ea91ffc180454465951a5cec075fcd6b4a4b0b755d51bcce59f0344fb473be120af219592a4464e1c49b5ebabaaa5482dfa78428f90d33bcf47ad57de40e69eaebae0e67a9d4a324eae6b1f9523f0ff98e0886972ed77d3f4bfbc15750ffd4634a780c2f5d8ef1fb1f2ae9a28654b1b6c2563eaa03a0ba95442af5eb04004205fe5f50873acaaa47fe8708285be32c31faa888a836a44e15d6e93c55683bfc86f26ff5c85021c2cb26428bd691a542244d1326560266a30e47f21b746c567b5ed384ea37def0c2f4a31aa961b59869b368e7fca43d2af30959ead78b1eea9edd91342a19ecb9a324d38f39cf2b4bb0cd46eb089bfa39ce364a59ca63ad314be4ad73e411ac6ea38f88886a4bd254e1458fae538516d5485364617ed321a90a2d402f44a473620acd9a23cca9df38d5e143fd2698eb7895469e53dc19dfb0b516c117728e991ab1a6a3577f2bc1ef43c3638f24d5e7f9377e3baf9a323da55b65aa275135ba556c402af6ff520de90618b088c82071673dfc776d523ed673aa505d8c5bec1bb3fa37fe52af7a544ff1e5ba16f2e88fdc793bdd7d64abc3d2da9e21b99379f15344b15997261d83567a4cdb09431ed43ff6c844bdd514377c9bbea74b702c54a9a72393463a8b0c73ecdcae593730d107abcbe8a321a2da13ed9c8fd08a9b95154ece67b663fcc19fe8faa6a347688bd73995de43a5244ff189173dca145fba6ba16e3a991a0e92eee3d81120c3b457d2c85496e9b7a4d1c0b9c58f22a9eb78b44e0bab8be38ba1eee1149be286afccf556462bf65c6be95a15a90b980858ecde9ed06213b0edaa2674bbed98e3b4e0a837822d1f8ed544b7ed52ea705ab0e58a06f4cc907a42bd3818c4b67e9fa91a9756a22e97155bae68c4bae90e00c08b83416cf9700c7dde88d187a65968f55a588ff541bce849f4dad99134b255ac4cdbd898556451971238adc7fbd2d63ca9a70fd34ddb443be7433c7c286b67f8a4f60c3aeedf5729e4105b8e560c5473560280a8eed950ebe46d62d6cf762a1dc297b8ac78e1da166cb9a2d1e8c3ab582d36017d37bab17eb65369b8b96eba03af5d37053d896040f9eb7259d1fba556255c01d2753d72831b5d599ab09a4deaaac252f79c2a56a9ebb0b4d47cc9ab0c33152dab47a4d24d13aadb33e4b3b175a58bce9d9714a852bbb613e945d837d86505d061f48198c586d9ce8cddc11fbea201dbfac76b62735ebd6dbbaa296327f39d4b9ad1f26fe78d3ec48ab4e58ac6ccd7757133ba5eaf9c2d2d52a70aeb9edd81f1341dcff355c8c6c7468b2cba4699924c37c5270e7994a92e75c178a6fb4817d2d4a1abd646afe4302f072b7905ab5145ee95a4544d81ab548708d65f29728da674b9ccd31dbc9264eb00df6c152a6ab4c54cd66579bd2ea9c06b1a5abd56a9cf91a70a8b25e6b14acd4ce429bd74ad0cd4d383ea82f64cf791ae7f5752ffab1c2bc3d421b75af6a10bdcb9316924cbb1e7395d5e6f66145515a6abebee0a51ea451e55a64b0447b0c860b9b6e8a1da90baaad07abcafe0e91b7521753e5bb298857a8acf92f2a6684b34fdccd65a21f53ed47dc18089fa2b2d7d91d48f21666968a995ba3543ac756a89ae606e813b3722d87387ea1a1daaca9055e8aacd74f269ab41d2085687d147414404486fe6a1d55f553e76bcf0ab8202923a14588afcaddd08ea693b755777c1ef9bd8972fc7d49e3c4d987a1fe299818915889db957e7a997f66be9309f8b7af4cce865ffa115ab266d445d6d214b5dd3673dde57d42f1c360dfb1e92a24304d062f4511011c982abd72675fbae7bf699bcef43bd6acef6f61b797fbf9ae0f7c172ea042ca74e946d8a24eeac5746a0d4537c999a8be6ba0eeafbb0e55881984a1de4b47498d7722d95c7d7a1ed43b15237a2aeb690156b7517bd07242005e34a9d7237488b086e91434426e357bde1593e3a99b459ad1691855dcae88de5a39345adfc73ec790ef54f3d86faa71e9b34d5564a492131118ad4f5585a9a63264d132af7d10740eaeda5a5c05d1df60014750dacc7fb92368d367a044b962e64399fd95e3545ddea3d206d870fe53df52ef87d55153acb64098b5f88c87452a70aed2fefcdabc03aeeac4778e5c4aab03ad59e73f910873c496f46d98acaf596d46a21118ae4a0a8755fbed4a946f514633eddcbd52bececfb5f2a68244ff0fbe078e15713f759c4a6d1a5901ab2acc7fb50bffdb1aa0859f22a5d593eed2904bf0ff5db1f8378d1a3fcd242da3060119129a54e15aadf9cb508ad5835b1d7e1d981bc7f0317fc3e389fd9ae7c1c59d895f7884b3145c17167bd32b5239e1d80fde02b19bbb767bb0f65aa31711fb27cda33443be727adba2b6474a77efb6313a3576deda66cf0195eba1ce3f73d94f4baa996901552fd7f02a49055f7ec8e8c53be82df07dbe14368f8d10f209e1d40bcce69ba506c760c5844645aeaa9c27cb7a9893bebe1dbf43de563dbe1436878ec114d3544e219e98d551eed89d739934637b251af8c2bb661aa3a48d95f9ea89dd13a82957a1fb603af14741f0010ecb9437983162f26f6f4d33092256faeacbe967e8dd7d208b159edf06dfa5ed5852ce9ffc3fd49f558b6c387d0f0773f40c3638fa0eed91d70ecdf0bc79e5fa17efbdfa3f16fef917a8405fc88d739e1dbf4bd926f4c5d6d18b088c8b462b3da9396d217f2fd813b3726bd5936fcdd0f50f7ec0e588f1d490a5b82df07ebb123a87b76071a1e4f0e04be4ddfd3dcf434b5fe2b7594403c33a0798a4d5d84ae1efdc9a701ab3a48c9f791ba41b416f21bb43a64353cfe88722d53896706e0d8f32b6504447d2dcd527b95497587acef21b4faab49d37de2d901d80e1f827dff4bd2a6ebaacdd2c34b9763fcc19f98fe3933a3caeb46485567381ccbfb7bfabce1ac5feff7458d3e2dd24968c52a588f1d49faa19f8ff0d2e588b6b5c3f9ec0ee58d5e6ba16f74ee3c04eebc2b67af28b5b8b31ea1356be148d47da57bace8dc7949a36b99c45add88b5b527adde0a2fcb6f6a4d9e264c5a819847fd55ea7df936dd2f85aac4fd69bd96b1b676f8efdc58316fd472c8aadffef710027e256455d23964125cbd56fa7f75bc4f5a1d38744109fdb15952808f76ce4764e13579bdf629190396ca9ec12056b6dad37e6d2412cff9a69e4eaf278491483ce39626bd9efcefb354fabce1acc75ae886d77dde48c6eb7ada1f2d6863e25cdfd33b649eebba67308087af68c8f8f57e7f6161f0c5c160c66eee0786cabf8976ac75aa32fda07703c9c09d7725b56bc8f7fe63b3a42d736c870fc17ee0959ccbcd230bbb105ab1aae06d64e4a270fbcb7bf39eda9c745f2b5725b59a28a4b54178e9f2a4d19762da23c80d612da74ec07ef095b47b1daac5dada115ab9aaa09a2bf9f5142d22d0a86bd9f2bd1f3964d5ed99a8ff73ecdf9b7633f27c1e43fd7fa5d0eda08abd8fb8b31ee1a5cb4d590b572d04fce61c37d753e9bbc19d769b918def7ab1f3b3c27e506e98edc48ec5ae499f3fea8da0fbada182f637ecfdd2948ca105006e7aeb227a3df9bfc9663bd642f7b69337d14e775d6f7b67b8e0e096e9580f0c85d0fde6c582ee337ecbf4ac5f2ff4ba6ebbba09f7744cfe21b8eb333f36bceb2de8583b9c16f4dde89e148847227174bf39545070ad1582df07f1cc002c670794e01177d623dad6aefc06af17cba913ca1625a57a0ca3594e9d907a6d253abd57eb79d63acba913a87fea310093575dd2641cc14ad1fdd610367734a0db2ded3b381c8e635bbfafa03755d9cecffce8f747b1b9a31e2d36e9cdb0d71336e5e6d1d98eb550c3e138badf1ac2962b1a957d0787c3716cf970aca810b0f3333f86c3316c98ed4c3ad62d1f8e197d1927d9fcfe28fabc116c985da77c6ecf6010db3e29bca6a3df1f45d7ef3cd8724583b2df63bf2f8a2d1f8e173c2a562be42990726c745caec73152b4733ef88a332ff1ccc42f12c5845ef55e86714e1de6c411ac0a55aa11ac5a57aa112c2222a338f6fc0af683af0200422b6e46b0e7eb05dd4fc38f7ea0f4a3f37dfbfeaaffc5a1585c4548444454c5d4ab516d6f1f2a6835a4fde02b4ab88a4d71335c69c08045444454c5a29df395827821e05756b86a259e1948eac3c686a3da306011111155b940cfd795de5772d3dd5c7b740a7e1f1cfbf7a2e1f14794d5b05c79a81d8bdc2b54aee2f8427a4b91b402315b6d1bebaf88a812a5edebf5d46388b5b523d2390f70d62332773e04bf0f96b352335ccba913496d46b872303f2c72af50dd6e3b5ebb6e4adaaf15d3a6a0d6656afd0014d7528188c80cc4210fecfbf76adeec19906aae823d7714dca0b656316055b07461a098de5a2449d7b3eac050083def0cf3ba12515510873cb01e3f92e8e4ee99d47c373a771e62ad531159d8c560552006ac0ad7e1b4a06786032d56117dde70c14d3b2999fabaee190cb069271111e585018b88888848675c4548444444a433062c222222229d316011111111e98c018b88888848670c58444444443a63c022222222d219031611111191ceb81721119595e0f7c1f9cc76e5e358eb54ee6f5666b6c387607bfb0d004078d9f5dcbc97a80418b088a8acec075f81e5a393cac7968f4e22b4621562b3da8d3eb49a210e5d509e8368e77ca30f87a82a718a9088cacafaf6e44d66ed075f31fab0888874c580454465633d7604e2450f002036c59df479c1ef33faf0888874c329428374b9ace8995e876eb70d1d4e0be6382d936e73602884e1701c7dde48de1b0e6fb9a231ebd7777ee647bf3f5af0f1cb9b2177b7dad1e5b2a63dfed3fe28fafd51f47923e8f747d1eb09e9be697297cb8a6eb71dddad7674382d58e29afc923eea8d60381243af278cdea1107a3d21dd1e5f7d1d323dfe8121e9bc7b3d21f4269ed35a653b3c317a155ab316d66347603dde0721e087f5781f6b8188a86a306095518b4dc0e68e066c985d973690a45ad96a0700ac9beec0c3573460eb87e3d8f2e198a6c77af88a86ac5fef1d0a1514b03a9c166cb9a201eb673b73de764e2238cae70100c2be415daee586d94e6cb9a241d3759443cfca563b1e46030e0c85d0fde6c5a21f7f73477dda40956a65ab1d2b5bedb8a7a31e239138f69c0b60cb87e34505dc4a240e79603dde070088d7391159d885789d53f99cfdc02b0c5844543518b0ca64f365f5d87245239aad82d18752b00db39dd8767593a1e7d033dd816d5737690a56a5d0e5b262e7e2664dc12a9d66ab80f5b39d583fdb8927fb7dd8f2e158cd8c68d90efe56f97764d135883beb1159740d6253dc102f7a209e1d80e5d409165d135155600d5689b5d804f47e690a9eb8cad86052ac0db39dd8b1d865e8396cbbba092f5cdb6258b8da7c593d8edce02e385ca5baa7a31ebdd7b5a24ba7fb333b9baab83db47aadf2efc8b289512bf5142211512563c02aa1169b80deeb5a93a6c82a5197cb8a1d8b5d863dbe1c52efe9a837ec18762e76e189ab9a74bfdf252e2b7abf54fd21cb76f81084801f00109d3b0fb1d68902f7f0d2eb936fc7627722aa02d5fd53dd4072b8d26bb4c348b90ae64b6de7e2664343eab6ab9b34d59c15aad92aa0f74bade87e7348f7450066613f30d18621bcecfaa4afc55add882cec526ab16c870f21b46295ae8f2fd57f1d81e5d4098843d2742420d582c566b5233aab1d9185d7e8323d293f96b432d23fe9b162ad531159d885c8a26b743d37ebb12310863c13ab34dbdaa56bbbe81aa9decda9ff2f28b6c38712d7f442526f3329444f45b4737ec18f2df87d10cf48d72e36ab3de93e2ca74ec076f850d2e3c6a6b81157cef79aa4109f7abfd6e37dd28a56d56ba190eb65397562e29c7578edc8f71777d6b32f5c15a8fc777f932aa64ec74c3a9c16ac9beed07cfb0343132bf45aac62d1d760cb158d793dbede7aa63bca3272d66c15b0e7da1674bdeea9ba9a2cf1cc4052c84857c81e5eba7c22601d7845b78025f87d70ec792ee3d4a310f0c3f2d149583e3a09fbc157119be246b0e78e82c28f38e441ddb3cf24058d4c8f653b7ca8a8c792cfcdbe7f2fec075f4d7f3c67a5eb6e3dde275df795ab10544dcd16c37ef015d85fdeab8c4aa6529f67a18f2d9e1940fd538f01007cdfbe1fd1cef959afb178d1035cf448cfe5cb7b115ab376d2eb28db71a75eafc09d1b733e37757b9e535edb813b3716b548c376f810ea9edd0140faffc0dd0d2a5fe5270013ea99ee2838141c180ae9124cf4a265eaeab43f8acdef8f62cf6030edd73b9c1674bbed794f8375b9ac39574366a2c7756cb109d8b9a4b988ab979f394e0bb65cd188cdef8f96ed31cb41dd4434bc2cfd1b5052b1fb450facc78e143dc2239e1980f399edca880e208d72443be723ae1addb09c3aa1bc618b173d70ee780aa1153723d8f375cd8f653b7c088e177e95f4c61d6b6b476451d7a463b29c3a0121e0571eab903753c1ef43fdf6c79437775974eebc899114bf0f963303b07c741242c00ffbfe9760397502febb36157c4de56d8ed401275ee794162da8aea930e49146b62e7a94c7b61eeb836fd3fd058fa489670650bffdef956b9cfa5caaafad10f0c3b1e739087e9f12ecea9edd9114b4636ded8874ce0312c7a37e1d08013f9c3b9eca199a422b5729a1c8f6f61b45052cebb123cabf230bbb0abe1f320f73bc8b57996d576bafd539ed8f62cb87e3e8f54c6e9b20079362025bb1ba5cb69cb7e9796738ebd456bf3f8a9d9ff973de4faa7cafe3b67e1ff69c0b4eba8e2d3601ddadd275ec9951a7fdf1f35898203f7e6aafaf9ee90ef44c77689e62bca7a31edb3ef1554d0b07c1ef4b7ae308aff8e38cb78d2c5b0efbfe97004881a5988095eecd38b4666dfa37c0d5d2e8937dff5ee50dd87ef055087ebfa6e063397542799305a49013b8f3aeac5354f683af249d6b6c56bbe651bbd470258f108556ac4a1b5ed4e766f9e8249ccf6c2f683a2bdde3a61b2552b31d3e04fbcb7b9555a2f5db1f2b2864598f1f81ed6da98e2fdbe852ea88a57dff4b082fbc06b6c36f289f8bb5b523d073c7e46bb07af228a4e3855f213a777ec6e7526e35228f4e8a439e8cb7cd756de511dcd814b76ed3c7642c0bbe79ff16a30fa29a6c482cc1d7e2dedf8fe2eb4746d0e78d603832795a6838223519fdd5e701ecfa2c80e1485cf31b6faebaa95d67029aeeabdb6d47b73b7bfdd30f4f8c2110d3f73a76b9acf8f17c6d01ebc97e1fbede37825e4f38ed750cc4800fc6a3d83318c43f7feac3b9600c1f8c673ff7169b8067af69d1f4f85b3f1c47cf3bc37873388c73c1e40b213feeaecf02b8c96dc70c47ee7525536c42c6d1c04a63ff8f03ca1b4774ee3c8456667e338eb74e5546bbc4f3e710597a7dc1b53bf5db1f8338e60520bda1fa36ff10d13997677eec44cb8878eb54e5782d6707a4ba9ce933b33e5efdf6c79420175eba1cfebb36653f6e9b2d31f2a27aacfe8f115ebe12b0e5fe85a6fee7db60f9f413e9b8eb9cf06dfa1e22d72ccbf8bda9e7265ef4403c33002122fd2210ed9caf297039ffc7cf95e0a13c6e8e20109bd58ec8b2e5b07ef01e84512f8451aff4dc5eb32ce7e389431e2514594e7f022112919ecbfb1f426cd6a519af6d64d13510873cb02482a0e5fce7b0f5fd6f005220f2dfb529e3731a77d623bcec7a58e5d1b7480482df97f93c6d3688e7cf298f05c411bd7261ce739b74377d8795d74278d9f282ee83cc87ab0875d6a371a469e3bb5e6cfb44fb6a29b913ba196dbbaa092d367ddb376cc823a46e7e7f5473ddd27038ae29bc687dfc8def7a35357fedf747d1fdd6108e6a28625f3fdba9fbf5348a4d55dc9e6b84462e7657bef7f01b053da6fde02b49dbf1e43362125eba1ca1d55f553e76ec792eebed53b7fe09f6dca1f938c34b972b236a42c0afa94585f5d891a4e939ff5d9b34174387972e578e2f53ed5426b6c387929ac4fa367d4ff3e3c69df5f06dba5fd91a492e30cf57bcce09ff9d1b353d97c19e3b10af93fe0fab8be0031abf3fa09a1ece75acead7b5ededc2da8c242d02597a7d41f741e6c380a5a3169ba0692a6feb87e3054d991941cb28d7fad94ef4dde0c6962b1a756b37a025a8be3818cc2ba4eafdf84ff6fbf27a1e87c37174bf35849148ee30d85de1ad3d0028353880f6690ff5149e3a9c6925f87d49dfa7f50d552db46295f2e62c5ef424ad149b748eaa1aa8c8a2fc57cba9cf37dbe3c81c896945e9386fce7baa2fb46215a273e7e5f53d00607f79efc47dac599bf70ab7b8b33e69ba557d1e9aafd5ca557985bad46b135ab356f3f3139bd5ae044221e08738e4c97a5bf99a6a0dca6a492b19a7b8b97ab08a3060e9484bbdd248248e6dfde3461faa665a47cde6382d78f88a061cb9c18dfe9ba662dbd54d0587ad4c7b33a62a653178aeb6102391b8e66d8bd486c3714da130d7b46c2550bfd14496692bfe958bdd81c2deac52fb6d15526b244d132d97be7feebca422f954b1d6a908adfe2a42abbf9ab5be2c13f5f1e5eaffa55e8d0924376bcd47beabf95247e90a5de119ed9caf0411f1ec80d28241ab7c1f571d546253dc7917a02717ed5fc87a5b75eb11dbdbf98dbc5a8fab6a1457eadb9e848cc580a5232da30e3b3ff357d432fc7e7f14bbf21c6d9be3b4e09e0ea9eb79df0d6ecdd3a6b28efadce1ea40817b296aa12518ee391728f879d412b02bbdf1a8ba7e06c86fda23a9b37bbe6f56ea82fa65854fb5047bbe0edfa6efc1b7e97b59df98c34b9723b87a2d82abd71654dc9cd7b97d3431c2554c5fab68e77c25c46a61513faec6a09c897a14d3765cfb3461acadbda83e5e8504ed7cbe27bc7479d29464b611af54ea69c5c84216b7571306ac32336b1d55365b3e1cd734ad95ce1297152f5cdb823dd7b668ae2b6ad1b072afd7132ed9f9b6d872ffb7e81b2dbc21e87038aea916ab92a9eba7220bbbf20a1fea3096ef9b5572b3cbeadad350cfa696a9ed23b2b19e9ab8a6e122034044f59c68991295c59dc535fa8d9738fc02c92d48d4fb6e66a31e954cdde1802a1f0356990d1718548cd4ef8fa2fb4d6db54399ac9bee40ef75ad9a429696a956a315db717d38927dd965a56faf6455ef3b98efd44e6ab1bbd6372b55108bd7394df76625f87db09c3a01fbc157e0d8f32bd46fff7b343ef0d79abf5f7d7ed1b6e2ea7432aec24bf7b8aa69c962eb83d4df2fe4119c2b817a8a586bb1bbfa179162465cc99c2a7b1e82caa6cf1b41f79b434575a85fe2b262cfb52de87ef3a2d1a7637ac58459a3a5d6ec1432da92d4d9fded4308adce5da0acae9331ba50581cf2c0f2d10988673e85e58c546f94efcabd49f7a90a3ac58e60e53345a8e6d8bfb7a0ef4b7b3e17ab2b60c55add88ce9da73476b51d3e94b3eecb7aac4ff9379b8b561f06ac32eb72592b729a10904256d7eb1e6c98edc4962b1a3415a2a75ad96ac786d9ceacabef7a87427818d93bb81bddc6a0bbd55ed4f3d891e3daf5794b37055a6a499ddb0b2cda55777617027e588ff715d525bb1ce406a2d6b70fe50c0fd1b9f3109dd58e78ebd49cad208c945a886e2f60f55f2d09ad580567629a3a576777f1cc80f23a29d55e91642c062c1d696adcd96a2f596b8172d9f9991f3b3ff3a3db6dc7865975e876dbf30a5b1b66d715dda6a267baa364ab08fb7db99fc79ee98e8256110252c82e249c560269e466a2664718ba50f8a887b31e48bc01d90fbc62ea8095698fbb585b7b2248b911992b35174d9dba3473c0cab5b29192a97f31c8d5d93de9171113bfb6a9700c583ad232eab06eba031d4e4b556c85d2eb0929a3385d2e2b3677d46bea629fabbe48cbc8d09cc43642a5180decf74731128967dd266789cb5af0e36fd6b07974298bf84b29b55e2ad346c4f99297f51b3df597cea43deea6b8115eb90a9185d798ae0e2c5feaeb1d9d3b0fbe4ddf33fa904c2f69cba783bfcdb8a7a5bce255decb91aa0f8bdc75d4e78d68aa9dd9b9c465f4a196e4dc37bcebc535af7bb435d2ccd1e749cb2abb9d8b5d259b2adc732e90f3368574b0d7ba2fe19ec1dc8f6f468576b2d642fd1bbf59d80fbe9214ae823d7760fcc19f20b4625549c355b94696d4d356ea9149ca4cbd0a36d3ff07ebb123ca6827c355f5e20896cef69c0be47c035dd96ac7cec52e6c78d76bf4e1eaaecf1bc1e6f747b16371712172e7193f9e7065df8b708ed382deeb5ad1fdd690eebdc5f60c06733e8f4b5c56ec5cdc8c0def8e687afc2e97153b9734e7bcdd697fb4e8558a465037f98cb5b563fcfe878abe4febb12370ee784ab9ff60cf1d196b55d4a32de50a03eaaef1c19e3b0a6ec2a9855c400d48f53bc514baab7b6ae5224f7901287833e35a22af82b51eefcb58ec2e2fe000383d58cd3882a5b39d67b48d3cc8dbcb686928d96213b0e58a46cdfbe35503ad355a4b5c56f4dde0d6d4f9bcc52660c36c27b65d9d7b13e93d83419cd6308d2bb79fc8f6f8f2f377e40677d669c78973afccd12bf57e6a219d3a52ab3bbb03c8dad93deeac4fba6dbe9dc2f3a52e522eb4c3793e2351b1d6a9cabfd55bf4147aec9a1f3729b86a0f66b52c69cba79466b982dfa7bc8e0b5d654b958123583aebf584706028a4a98fd1129715476e70e3a837823d8341f40e4dd4f3b4580574b96ce876db94fbdafa61f9b7d8e976db311c8e691e51e972593505985cb54bc3e1389eecf7e11e0df54a739c16bc76dd94b4d71190161674256aa69aad020e0c69ab9bdaf2e1b8a691b8252e6bd2e3f779c3188ec4d1e5b2a2abc98a9e19759a821550795b29c9d40d13e3754e5d979c27d5b41c78256b908976ce879878f3b21d3f826081355bb6c3879437c668e7fcb4dbcb88aab61085be49e6d36c33da395f7963b6bd7da8e0d132c1ef4b1a41c925b2e81a55cb8c378a1a7111873c4a3b8db8b3de9435757ac856ecaebef6f9347ca5cac38055029bdf1fc5911bb40fa32f7159b1c465cdd99ac008ddad763c7c85745c078642e8f346301c8e2b21427dbb2e9755d366d75abb986ff9700c1b663b358713bdafe3cecffcd8dc51afb9ef97fcf8c5d87054db74a3d9a8eba3228baed175c97978e9f54ac092375fce1468220bbb9410624d8490428ec57aec88321d97a946a6d8512400f9051d556815cf0e64bd0ed9e45bcb1659d885789d1342c00fcb47270b7e5c00b0efdfab3c3fa1d55f2d38005782f0ca55ca0a5175b17bd2764e796c21459587538425d0e78de0dedf976e2362a3ac6cb5e39e8e7a3c7c45035eb8b605af5d3745f9f3f0150d9ac21520d55769311c8ea3e79d6143cfb9e79de1b235fddcf5991f7b0683869e6f2104bf2fe94d43ef3aa4499dddb34c13aaa714c58b9e820ae32da74e248f3264d81e2669db9702a6232da74ee4b59975dc599f347a5448fb0b71c8935437a6f97155dbc0d415d856423c3350f0fe949528799a503a6ff5e861acadbd6a47f048c2805522db3ef1e5bd49722d38ed8fe6d503abd713c246031703e8b14d901647bd116caed050ae2e6e8fce9d5792370d7568b31d3e94757fc2c09d1b957fdbf7bf94578811fc3ed43dbb43f5b837672cea8eab6aa2e41125adc43303703eb33dffeba09aaab47c7432e958b59c9bf399ed1002febc3bb98756af55363316cf0ee4f5b8ca63abbe27bc7479d517cbab03b15cec9e14308bdc389bcc8f01ab8436bceb65c84ad1f3ce70de53603b3ff31b1ab2e46d824a15b20e0c854ab212b25cd42322a5da4f2dda393fa5d8fd8dacb70dadb859f9b8eed91d9a46b2c43303a87fec9189c2f5b6f6a440934ade1a45e67c66bba6e271fbc15750bffdef2104fcd246d879ec2b186b7523d87387ea3a1c42ddb33b7216cb8b670650bffd31886707109b927c1f5ac49df5493db06c870fa1e1b147346dc46d397542baae8929d5421ebf52a516bbabdb36448adc389bcc8f355825b6e15d2f7a87c2d8767593e65aa26a34128963c3d19182db0fecfccc8f7e7f143b17bb0ce982aec75e8ce93cd9ef2b5947fa72b09c3aa10492789db3a44bced5352dd6b70fa52d3c97057bbe0ec1ef57460c1c7b9e83edc02b5203d0b9f395513671c803f1cca7b01d3e94342d186b6b87ffce8d39ebb70277de85fac7b64208f82104fc6878fc1184972e9782d3ac4b95511af1cc00ac1f9d80edc02b49012e70e7c6bc47b2422b56254db7d90e1f82f5d81184972d4764e1354a7d94bcb9b4f5789f72db789d13febb361574fd63b3a4e375bcf02b08013fc4b30368f8bb1f20b2b00b9145d720aa9af292f762b41e3b927c5da7b8e1bf6b53cd6c0b23ff622017bbcb220bbbaa7e048f18b0ca62e7677eec190c60db554d9a9a4c569b0343216c38ea2dba7b7daf2784aed73dd8dcd180cd97d5973db0ca7b316eb9a2b1e8c73f3014c2960fc72b765f4a5939a73cc24b972b014bbce881f5d891ac4d1a03776e44bcd59d5420efd8f31c72550a46167649dfab2104c45addf06dfa9e347a95084ea95341c53e46a6738bcd6a57ae8710f0c37ef0d5ac9df3e5d058cc146e78e97244dbdae17c76873222653ddea7a958bfd873ae54a1356b274da9b2b9686db0e09bf76f31fa206a412026f556daf559002391382eabb7a0c5a67d8656ae5dfa605c5b48d9724563d6afef3a13d01478ba9aad587389b6e2f5498ff1991ff7fe7e0c5b3e1c4f5a7158ec75ec1d0ae19f3ff5613014c34c8705331cf95dc73d83a149ad1cf251e8e38f44e278ee6c40b926d5b05d92fde02b88b7ba116f752374eb9f95f6cdd366831c69e3ad6ec066cbb99a2dda391f91a5d743f0fb200e5d8010c93c821a59d885c09ffd27846efe3f009b4df361c55dcd882c5b2e1ddf9067d27e84391f431020f87d88ce6a47f4ca859a1f373ae7724de7169be246f0b6af23f07ffe27c45d138d6eada74e20deea46b4f3cabc4257dcd58cf0f2954a0d9a78fe5cd6db177a5d05bf1f96f39f4bc798e7b501a4402df87d059d63eaf747165d9374edf2116f75c372fae3a40dc003776ecceb5a506512f09b739559f851053a9c16a95792cb860ea7888efa89a92f792fbadea110fa7dd1bcdf8c7335deecf386f3aaf9e97259d16213d1adeaefd5ed9ef80121b56e88603822f5cc2ae7c84c8b4d48b489b0a1c52624356f95af639f378c3e6fa424a126d3e31b794d283df1cc80b4922bd13033dad68eb8b35ed7668fa98f116b9d5a968692965327a469c1c4c852a6cda5cbf1d8a5b8ae954cbd234178e9f2a4851854bd18b08888884a48bd21b87fe3b739455823b88a908888a844d47de26253dc0c573584018b8888a844e44d9f0169db27aa1d0c5844444425627f79a2e37eb577afa7646cd3404444a433c1ef837dff5e65f5602d74afa7640c584444443aa8dffef788b54e45dce984eded892da4e275ceacbb02507562c0222222d281e5a393491ddb65c1dbbeced1ab1ac480454444a483d08a9b61393300cb472711af7326f6c55cc57e60358a7db08888888874c65584444444443a63c022222222d219031611111191ce18b08888888874c68045444444a433062c222222229d316011111111e98c018b88888848670c58444444443a63c022222222d219031611111191ce18b08888888874c68045444444a433062c222222229d316011111111e98c018b88888848670c58444444443a63c022222222d219031611111191ce18b088888888746635fa008888886a4a3826fda974b138108d03f1b87ef7691181269bd167a68baa0958e299015c630fc37ffa34a64603a81305a30f89888848e1171d38eee8c4458bcbe843295c280a04a3402052f287122d7188f638224d75408b1368b05554f812f09b733a46cff210873cb8eccc8768ee3f89e0c0003e3dd56ff42111111165145a782342d7ae46dc5e67f4a1e42f1a0782112954458d8d0ca21043bc51407c660be0ae036ce6ad74aa9880250e7930e7c3a3b01e3e84731f9f36fa70888888728a35b522b0f20e4467ce35fa50f2174a8c5405a3461f495a222288d7c7119f3fd394235ba60f58965327d079f8359c3dfc8ed187424444a459f0daaf20bc7045658d5a9968b42a1f56d187e81597203edd3cd3afa60d5896532730a7f737f8e2fddf1b7d284444449ac5dc6df0affc3a62ee36a30f45bb70140894a7b6aa942c18436cfe7453042dd315b98b431e74fcbfcfe38b77fe3f7c61f4c11011116914b73b115a7423427ff015a30f45bb4004f047804865ad6ab4db454c6d75c06e17e16e75c091f81b00dcad0e9cfae402de16eb11b218b7e0cd542358cdafbf82bafd2fc137ee33fa50888888348bce9c8b40f7d7116b9c62f4a1e4168f4ba1aa02a601ddad0e34355ae16e7528416ae60ca7a6ef0d8562f8b7f7bfc05957a321c76e8a8025f87d68ff9fff848bbfffc0e843212222d22c6e7722f8e57508cffb43a30f25b7681cf087a5a2f598e16ffd49e411a999339c686ab4c1dd6a5746a48af5fec90b78ddaa2d94e9c9f080259e1980fb9f1f4380a35644445441c2f39622f8e575e62f628fc6015fd854f5556d339c702702d5d456071a1b4b5bb174eedc285e1e15ca3a656868c06afeff0e21f63f7718f5f0444444798bb9db10f8f23af3b75e3051b06a9be1c4cc194ee56f230c79fc78e9f33104ebebcbf2788615b9335c1111512589db9d085dfb158416de68f4a16467826065864095aad5edc4dad038f65ef4215857fa9065c80816c315111155928a980e3430583535da307386131d9736a06d861376bb793bac0f7f76162f7a6d250f59650f580c57444454292a623ad0a060e56e75607e67136626eaa92ac9c86767b167d48ea0a374a36b659d2214cf0c305c111191e955c474a0dc6ec11f29dbaa407984aae3d2c69217a69752f3ec36acfef013ec4515042c71c823ad162cd70312111115a0223666f647a451ab3204abb6194ecceb74a1e3d206534ffde56bc61597e1faa327f046d3ec92dc7fd902d6ecdd3b7191ad188888c8a42aa25968280a8c854ade20549efeabf491aa5c162c998fd3fffb437cd6aaffb64665b96ad35efd359b8812119129c59a5a11587987b9ebac2231603c04844ab7a58ddd2e627ea70bf33a9b2aaea6aa18375de6c6f35ff811b4eb3b5d58f280250e79e0ffcd8ba57e182222a2bc544417f6781c180f4b538225d27169833205588b9cee56acfcec7dfc9b7d8eaef75bf280357bf74e5c2cf58310111169246fca1c5eb8c2dc7556818814ae4a5067d5d468c3bcce26ccef7455f514a0561d4bae46f3e18f30e29ea1db7d96f4aa36f79fe4d4201111994678de5284aefd8ab9ebaca271602c5892e940b9607d5e6793d167693a5f996ac5ffad63962d69c06afbf75fe3b3525f11aa5997ce9a8639b3a64ffafcbb1f7c8c11efb8d18747442612e95888e097d7993b5801d2cac0f1b0ee773bafd385455737d7546d55bea65c3607b3752c782f59c06aee3f89cf8effbe6c17460f3f7de06e2cbaeab2acb7f9cb1f6cc3a767ce17764d5c0d7876fbdf66bdcd0f1efd17bcfbfb8f8dbe14badaf73f1ecdfaf57ffd5fafe25f5f7855d37d35bb1af0ed6fadc57ffad39bd1de362de3edbca33efceeed63f8fea34fe3d333e7b1f8aacbf19307fe5cb7e3a834dfbced667cf34f6faec973a7da169d3917c16bbf62ee027600084781517d5707daed22165ddd824557b754557b85525a5a1fd36d60a86401cbfdcaaff145992e885e4e9f19c45f7debab596f73e3b24505bf11dd7af39770c3d28519bfee1df5555db80290f59c01e0776f1dd3743f8bafba1ccf6e7f206bb092b99aeaf127375f87a776edc5a767cea3b9a941b7e3a84497ce9a96f5fcabf9dca936554cb02a41117b53a30dd776b5565ddfaa72b8e4eaf9683e7616230dcd45df5749aebc38e4c117ef57d6e81500fcfa953773dee6d6555f2af8fe6fbc6e51f6c77f35f7e3d7aa4b674dc3be5f3caa295c1151ed925a2e7c1dbe5bffcafce12a1c052e06740b574d8d3674df301d77fed91ccceb6c62b82ad08d18d1e57e4a3282d579fc4d7c5ed6cba18f4fcf9cc7b10f3ec1a22b334f13deb86c511ef798ecd69bb387332d01af56fdf481bbe16a2afdeee7445499624dad08fdc157ccdd72416d2ca45bb072b73ab0e8ea1616aeeba465e634c05bfcfd9424de06ffe38d725f0fdde49afe7335d51714b2165f7579d680e01df531606570e9ac69f8939baf33fa3088c884e411abf1af3f5019e12a12d36dd4aaa9d186afae9985dbd7b6335ce9a87eaa1b73ce7c58f4fde83e82250e7930345869d557137efdca9bf8c90fb31743dfbaea4bf8dddbf9d5ace40a089c1ecc4ccbb4eceb878f27d5112dbeeaf2a2461b89c8dc2a6ec40a9042d558a8e8bb916bac18aa4a6771a388d345de87ee016bce874771c1a00ba2072dd384372c5b98c73d4a7285048e5e6596ae1583da6f5e7d0b776efaaf461f261195414506ab785c5a21188c1675370c56e5d378891b28320beb1eb05afa3face8800548d384d946b1165d79192e9d354d73bb86665743d6c056edd383ae2bd716f5fdb95a676859d5f9bbb78f157d1c44649c98bb0da1852b2a2b58015221bb3754543776bb5dc41f76b562e1d52d469f4dcd689a3d0b75473e43a0b9f0be69bad760794f173ba8663c2d61279fe9a75cc5edf94e375232361525aa5ed19973e1bbf5af30fea7dfadbc70e58f00c3c1a2c2d5b55dadf8c69f75305c196051b4b8d584ba8e60097e1fce9fabdcfa2b999669c25b577d49733fac9ced19f21cbdba74d634dcb86c112e9d350d8bafba1ccdae890d3a8ffdfe139c3e3388d7df3e5ef29e5a97ce9a865b577d09372e5ba41cc3a767cee3776f1daba9a695372e5b841b962d448bab3169b46dc43b8e777fffb1744dde3e567083da4c6e5df5252cbaf2b2a4d780fc98afbf7d9cc19d2a5ac5f4b14a478729c18e4b1bb07cd925dc27d040331d4251dfafeb33d776e18c1e2b1b4d21d734a19e23585a0bdcbf79dbcdf8f6fab5d9ebc354cd24bda33e6cdff5229efac55ecda33c3ffcce9df8e177ee4cfbb56f7ce751250c66bcdd522978a903d6befff168d626977ff2adbf4d0a03d98e219ddffc227dfd55ea9460bec791cda5b3a6e181fff20ddc7af397b2ae0e552f6e38f6c127786ad7dea2c2a7dcc97ed3fa75191f577ecc81b3e7f1e87f7fb6a6c22e55be8ad82b309b484c0a5791c2f61174b73ab07cd954cc9ce134fa4c6a5e5d5d71db0ae93a45d83a3a64e8c5d053ae512557533d165f7579cefbc9d59ee137afbe9533fcdcb86c11defbf77fc13ffdf89eace12add31fef03b77e2bd57ff2f7cf3b69b357f5fb6e300807ffec9e6bc0250b5f9e177eec4f157ff05dfe8f9a3bc7a732dbaf232fcd38fefc1befff1282e9d957fc3d4c5575d8e437b9ec40fbf73a7a6c76d6f9b867ffaf13d7876fbdfa2c5d568f46523ca286e7722b4f0468cdff9b708acbca372c355280a8c040b0a5776bb88e5cba6e2f6b5ed0c572661b3173706a5eb089673a47a02d6a767ce63e0ecf9ac9dc3ffe4e6eb724ec3e56ccf9023c87df3b69bf14f3fbea7a8737135d5e39f7e7c0f165f7539beffe8d305dfcfa2ab2ec3b7d7afc5377afea8a8e3a954f25e92b9b6dcc9e586a50b7168cf3fe0966f3da0791a77f1559763df2f1e2da8d92a7b889159c59a5a119ef787082f5c81b8bdcee8c3294e119b34cfeb7461f9b2a9ecbc6e32624363510d47757d365bacc5cd579acdaf5f792bebd7b5f467cad99e21cbf4a01ee14aedafbef5557c7b7de12be96e58ba100f7ce71bba1d4fa5d1235cc95c4df5d8f70b6d2359f23641ec644fd522e66e539a8386fee02b951daee47aab02c295bbd581afae9985ee1ba6315c999073aabba8ef67f55c16fffac2ab59377f5e74e565687635649ce2cbd59e21dbf4e0a5b3a6e1a70fdc9df5f806ce9ec7fffc5fafe2f5b78f4bc773d565b87555f60da57ff2c33f2faa00be56dfe47ff89d3b7386abd70f1fc7bffeaf57a5cda55d0db871d9227cf3b69b335e3357533dfef9279b71cb7f7e20ebfdfef34f36d7ec75a7ea12e95888d0c21b2bb3703d9d785c5a2598e794a0dd2e62d1d52db8b6abd5e833a01262c0cae2dddf7f9c739af0d69b33af262c66efc15c6faabf79f52dfce50fb72505b4dfbd7d0c4fedda9b73e4eb270ffc79ce377523bdfef671fcf81f9f553efe4f7f7a73d6e7e0977bfe1da73f1b2cd9f15c3a6b5ace9ab3bffae193935e07bf7ee54d3cfa8fbfc4be5f3c9a3168dfb07421be79dbcd195f43dfbced664da366bfdcf3eff8d7fff5aa52a47fe3b245f8e69fde5cb3d3b9641e71bb539a065cb4a2726babd289c4006f1088e6d782a16d8613dd374ce7eac01ac06738875fbff256d651ac1baf5b94f1cd31677b860cd3838bafba3ceb9beac0d9f393c295dabfbef02a165f7579c6e3be61e942dcb86c912ecbf88f7df04952509c337b7ad17da97ef7f6b1a463bbf1ba455903963a5894c203ff25fbb4e88fff31f34abd11ef386ef9d60378efd5ff2b63607ee0bfdc99f1fbb54ce9a60b77f2357c6ad75ebcfec2b6925d1ba24ce48eeb918e85953d05984e242615b3e7d1df8acd426b0f03560eb9a609b38d5265fb5ab6e9c15c2bfeb6efcadd7661fbae17b31ef737fff4e6a24349ba37f66a946b24f2a95feccdfaf511ef38b6ef7a31e328587b9bd4cf2c75daf6d259d372ae1acd16ee006914f6c7fff86c4daffaa4f20acf5b8af0bc3fac9e69c0548188546f9547b8e2a8556d62555d0ef234612699da35e46acf906d7a30d75e875a1a93cacd5233b9b180fd14d56a255cddb86c51d6e7f1f5c3c7358dd8c9757299a45be997abd79a77d49733dc015200f48efaca75c9a806c59a5a11bcf62b4a9b85aa0e57a3dab7bd915b2fdcba6616c3550d62c0d220d76ac2746f8e39db3364593d986bdf42ad1dc1b3ddaebd6d5a41bd98804431770d842b20f73e88bf7b4bdb2860aed1c274d3c9b9faacfdfad5373585bb11ef38bbba5349443a16c2ff958dca6ac0aaaab14a25872b8dda6638f1676b2fe594600d63a4d620d734e18dd72d4a2aca06b2b767c8363d98eb4dd5d5540fef07b9472db498336b7a41dbb7fcf8bf3f9bf7f754aae6a686ac5fcfb7eb7c268baf9cfcbceb15ee00692496fdb0480f72efaac8bca5d51da8d4f2ec71b57cd954062b62c0d222d76ac21b962e4c6ad790ab3d43b629be5c6fe87aba61d9c2bc4736bca3be9a1a0d99337b7a591ea790360cf98463bdf741a4da13e95888f0bca588cc5960f4a194d768481abdd2c0ddea40f70dd3e06e2d6e8b15aa0e9c22d428d734a1ba5e46afbd07cde8dd0f4abb81b4d9143a8d6ab6c762c0a242c49a5a11fcf23a8cadff3bf8ff7803c355168bae6ec157d7cc62b82205039646b96a8ed45382d9da3368d97bd0ccf29996a2fccc9955bad1b26657f94646a9b2497dab9662fc4fbf2bd5562dbcb1fada2c68a1315cd9ed22bef24733f1656e7543293845a851ae6942f5aabc6c23587a4cafbd7ef878d1f7017054438bdfbd752c674fb2d33a5dc791d1d205ef7c3609a7da14e95888c89c8508cffb43a30fc5781ac395bbd581d57f34932b04292dbe2af290ade9a8dccb0840c1ed19006d01cccc5dd86bcdefde3e8ebffcc136431e7bd15597690eec2dae46438e91cc2de66e4bf4ad5a5a9ba354e904229ac2d5a2ab5bf0e565538d3e5a32318e67e621d734e10dcb16665da975ec834f348d1a65ebbb0568db649af491ab7f55b1fdc4b2c9351d9bab4f96daadabb8829024b1a6568416de88f13bff16e37ffaddda9d024c47432b06bb5d44f70dd319ae28278e60e5e1dddf7f0cefa82fe308d5adabbe947515a0d6de51bf7bfb78d63de46e5df5254dcd4673bd01bffbc1c7155d0f560ebf7bfb58d6e7bcbd6d9aa66d879a5d0d695b31a43e965ab646b180d46bedd259d37286f61b9765df6a88aa5faca91591390b109eb71431779bd187634e1ac25553a30d5ff9a3192c64274d18b0f2f4eb57dfcc187e726dcaab251401d2de7ad902d6377afe28e7fe7bb9367c06801b6edb8c77bdb5b52ab010d99e7320b179f6b71ec81a569fddfeb7595f1fc73ef804d7f7243f5fb9c21d206d0a9e6dcab8d9d5809f3cf0e7465f423240dcee94eaaa3a16d6deeabf7c85a339c355db0c27bef2473359c84e9af1959227ad212995d6e941407a63cd55c8feecf6bfcd3855b8f8aacbf1d307eecefafd0367cf4fdafb8ed27bf4bfff32ebd7175d7919f6fde2d18c6d167ef89d3b7386ef74a39b23def19c2d3d6e58ba106fec79326d83da1b972dc2be5f3cca02f71a22af00f47f6523c6d6ff08819577305ce5128901deece16ad1d52db875cd2c862bca0b47b0f2f4eb57decc39aa904ebe5bcbfce0d17fc1eb2f6ccbf87557533d7ef98f0f60e0ec79fcfa95b730ec1d0320852b2d1dbb1fada16eecc5faf4cc79fcd32f5ecadacd7fd19597e1f8abff82dfbcfa565270bd75d59772061cefa82fe3ebe3d1fffecbaca367f263bffec2b6a4158d73664de3b4608de0485511a271602498756fc1ee1ba6635e6793d1474a158801ab00b9a68cd27e4f9e235feffefe63fce0c7ff829ffc30fbf44e7bdbb4ac6ffce9d4d25e827a79f41f7f891b962dcc1996fee4e6ebf2de92e62f7fb82de3f4e2a767cee3c7fff8aca6ed78dadb18aa6a855c5315e95858bd1b2b975a3c0e7833872bbb5d64e3502a0ac73b0b906f58ca677a50eda95d7bf1cb3dffaeebb11ffbe013dcb9e9bf96f4fa54a311ef386ef9d603390bcff3f54fbf7829e7ebe9c7fff86cd1af03efa8afe4d7884a2be66e9356ff251a8006bfbc8ee1aa50f138301c94a607d370b73a18aea8680c580590a709b52a66b4e82f7fb00d7ff5c3277579837cfdf0f19cc5d894991cb27ef3ea5bc5df19801ffcf85ff0fd479fd674dbbffcc1b682439677d4875bbef5806e0d6aa97ca233e722f8e5754a4b85e097d7711560b118aea84c18b00a94cf7e828516c6cbfef58557b1bce7af0b7e831d387b1e7ff5c32771cb7f66b82ad688771c776efaaff8c6771ecdd9af2c935feef9772cbcf9cff1d4aebd797ddf5ffe605bde8ffbfae1e358def3d778f7f71fe3c7acbb333db9483db0f2eb185bff77f0ddfa57082dbc11b1c629461f5a75c811aee675baf05516b3934e04fce65cbcf8bb917ce5f0cbf88f67771b7d4e6571e9ac699af78ed3637b1cf5e3debaea4bb871d9222cbeeab2b43537de511fdefde063fceead63938aae8b3dafd36706f39eee5c7cd5e559fb83e5eac755ecf7eb7d3fa9f7f9cddb6ec6a2ab2ec3e22b2f4fbbf8419e22fef52b6fe2776f1fd3658ba26fde76336ebc6e116e5cb670d26b60e0ec79fceeede3695b7964ea8d56c8f34afa88b9db10993997f554a5a6215c75dfc01a464af6f38f0b1f9460c022222aa3b8dd8968db5c44e62c44b46d2e47a7ca81e18a0a544cc0e22a4222a2128bb9db104e8c507194aacc72842bb661a05261c02222d259aca91551d5b41ff7fa334834d18a81e18a0cc08045445424b9d96774e65c4efb99452496b58928c315951a031611519ee43aaae8ccb988cc9ccbd6096693235c5ddbd5ca704525c780454494030355050947a5bd053384ab799d2e5cdbd56af451520d60c022224a21d75071caafc20422c068e68d9bb95a90ca89018b886a5e74e65c44dd6d88b675b228bd52315c91c9306011514d8935b522e66e9b08556c9b50f9464352c0ca80e18a8cc0804544552b6e774a9dd2dbe622e69e8598bb8dd37dd5241e07c6c259c3d5b55dadacb92243e81ab0fc2237c72422e3c8a35231f72cd64e55bb1c0d4401b6622063e91ab0ce5aa761f4eec7208e5d84e8390bd1730616cf5988a343103d678d3e5722aa12ea91a978636b225471655fcd88c4a46941862b32b1924c11c61aa748bf39ce5990f479d1733611be18bc88481ba5662a3132c569be1a97a3c795dd2ea2fb86e9e8b8b421cf3b26d257596bb062f26f9969829710f2c3f2f94710472f421c1d82e5f38f8cbe36445446f2a89412a49aa6b0009d92e5582968b78bf8ea9a5970b7b25c858c678a227779683ff587a9100a40f49c81387a11c2d810ac673f8210f273d48ba882a98354bca95509546c8d4059f9c2c07838e397ddad0e74df308de18a4cc314012b93b8bd2ed1ec4ffa38f407135f13c72e42181d82c5731608f961f19c8510f473e48bc82462ee36698fbe449d54ac690a83141526471b0677ab035f5d330b76bb68f4915285f87c6422ac07233178c62345dc5b7aa60e58d9c41aa7008de9a710e4912fe5ef6022808d49d38f44a48f58532be28d53a4d1288733d1a4d3c98273d287869582ec7145a9c682518c0662f08c85118cc6e1198b201489e3c27818a1483cbf3b9b55782d5fc506ac6ce4912f0093eabd8089d12f79ea5109609c7e249a44febf14699bab7ccc104525178901de2010cdfc86b87cd9542cbcbac5e82325037d3e1286672c8c0be3118c0562383b122afe4e755295012b9789d1afccb791a71ae52948b9f89e218caa4d6a8092a7f1389d47860945a56941ae142495b160146787c3f08c477076385492693d3dd564c0d2427ed3c9b68a495efd288f840180f5ac14cc18c4c80c94d771620a4fae85e2081499963f028c651e8560317bed0845e2e8f70471762484cf47c2180d448d3ea4bc3060156162f5e3c4e7d485f832398801132362c0441803c0e27cd24cae7b022682133011a6e24dadec13459547c3b6371d9736a0fb86e92c66af629ef108fa3d41f45f089a7e842a1706ac32508f14a847c4d2853120396ca903995c2b26530737aa5cead744ac491a610200d89d88265e3b1c71a2aaa6a1989d7b0a562fcf7804270703e8f7042b6e942a1b062c1352bfe1e6d368313570a9c3193039a0019cca2c967a3449a61e5502a04ccb291f73848968023bb3d7a46a0d556a0c5855247584a3982ed8f24acb7452835b3aeae94f33910bb933528d1aa562d13791ce72746677b73ab0fa8f66a2b1916f55d5602c1845ff85208e9df5576da852e3ab96d292575aa6a325b8659afe2422022015b2fb33d7d82cbaba055f5e36d5e8a3241df47b82ca68552dd13560354c6901c68d3e25222232ad785cea6f154a5f6fc529c1ea108ac471ecac0f27070335315a958eae01cb62b3197d3e44446456399a87724ab0f28d05a3f8dfa7c771723060f4a1184ed75771f3f4a9c0f0a8d1e7444444661388489b35672866e72ac1caf6f94818ef9c1e375527f58cac226011923fe7b0e8ff30469f27111155b92cf5564d8d3674df300d336738f3bc53320353062b87051005c09608521661e2e33262c02222a2d2c8516f35afd385e5cba6b27168053245b0924393c322fd6d4b33326520062c2222d25f967a2b16b2572e4383955504ec8940e5b0982a4ca53d5ca30f808888aa4c967a2b6e7753993ce311fcc74763e50d56a22005a9baca0854a918b08888483fa3a1b4fb0972d4aa32957d55a0284881ca6995feae600c58444454bc2cfb0972d4aa32bdf3e9388e9df1211489177f67d95451a85263c02222a2e284a3803734694ab0a9d1862f2f9bca51ab0af3f94818bd27bda56f102a07aafaea8c22d579564444541efe88d48621c5a2ab5b706d572b47ad2ac858308a431f8d95764b1b51001a6d52a8aab09aaa7c3160111151fee271a9de2a983ccae16e7560f9b2a9ec6b55618e9ff1e17f7f3a5ebae9404762a4aa4a47abd2a99d332522227d446252b852d55bd9ed22feb0ab150baf6e31fae8280f9ef1087a4f78e1198f147f67e938ad4083b5249dd2cd8e018b8888b44bd382615ea70b7fd8d5ca3d042bcc3b9f8ee39dd3e3a5b9f37a2be0b257fd346036fcdf404444daa4b460e07460652ae9a815839582018b8888b28b26b6bc494c09723ab07295acd68ac16a12062c2222ca2c149546ae125382d776b562d1d52d5c1d58614291387a4f7af55f21e8b000cdf6b26fa45c09cc1fb0223169b5caa4cfc7d37fbe144421732ab78a80c0c44e4455682c24b56180d42c74f9b24b586755813e1f0963fffbc3fa8e5ad9442958d560f1ba56e5fb9fa20e4ae158facfc790b60b70c5b1a40432419082982c35b0d9f8022522135175656f9be1c4b55dadacb3aa50ba17b28b8214ac6aa8dd42a174bd42c1500cf085a5f9fa58ac7a0253bea2f1c93bc8073576c4b58a809cc52ca2f4620626865f53c31a11919e125dd99beaade8be61268355852ac99460a30d68b24dbc2f5156ba062c7f302a2ddfa5c22505d21ce1541e2953872eab0808004491c58644941f5f184d0270edf5d3306f6e93d1474305f28c47f06fef8fe8b7d50debac0ac231be04bb5dc4d45687f2b1bbd59154c4e96e75c09152d4d9d4682b4b3d422814836768f26f21a363118c8e8533deeec250409a73b7caa36089a948f93f09a726890800e2713445a3b8f6da56ccbb9cc1aa92f57b82e83de9d5a7de4a14a411ab469bd1a75591aa3e60c9c1a8b1d186a644186a4b0c79dbed22dcaa50655676bb9876987e661ef731a60a63ea60f6f9393f6013313a16c66828f11fd226722a92a8463439455c7b7923e675341a7d2854245debad9c56a0c5cee9c022547cc06a4a042779c4490e54a92350b5aeb1d1aa8cb6e50a669f9ff303003c434104c3717846420845e2b8e00d2314873405c9d12fa28ad6e4b4e0da794d9837bbdee843211df49ef4e2e460a0f83b1205608a03a8e3cff8625544c092a7efe4d0d436c35931a34f95481e2dcb54dcea190a22148ae1ecf90020009f5f082218894b5d8159fb45646a0c56d5251489e3dfde1fc1d99150f177c6512b5d992e60b5cd70c2ddea5046a53812653e72b04d17c094f0f58554ffe51909e3c25804a1689c538e44066a733b306fb693c1aa8a842271bcf4eec5e2b7bce1a8555aee3a0b3c452c14302c60c9a3523353021555b64ce14b2ec0f70c8730ea8f4ac16b3c8250141cf1222aa18e197558d4d188996ebbd187423ad22d5c71d42aadf6062ba6392b2460c9235333673831b5d5c16ec035462ed44f0d5e6363118c8e8771f67c009e91304683317846c3acf1222a82dd26a2637a1dfe705e131a9dfcbf546d7409575c2198514793156e1d3ad49724e5c87552ea5045948e5c7c3f737af26be4f3737e788643b8301286673422fd20e1142351564d4e0be6b5d763d1650db0f3ff4b55d2255cd944694a907dad925804a0bd519f700500027e734eb7cd896e421cad2d364ef551497cee09c1e30de382370c4fe20f1149f5550b2f6b40c7f43aa30f854a489770d568939a8652128b00cc6fb6c3694d9e2a7de742e19df0751dc1aaafb7305c51c9cc74db93ea484291183c23119c1d0ac2e30de3ac278450b806b766a29a64b789983fdb89459735721ab006141dae58c89e51bd55c05c970d769debd058084515cb6e152785ae317f14673d419c4d8c7671948baa0d5703d69ea2c395c302b43a58c89e468b5d444793ad246bad18b0a8aa343a2d9837bb5e79f309456238eb09e17355e822aa34726dd5fcd9f51cadaa3145872b975d2a66a749daeaad98595fbaff4f0c5854d5ec56693595ba36e5734f08678782d2df7aee344fa4237925e0fcd9f56cb150a38a0a579c12ccc822001d4d36b494b8c7260316d51c655af10ae9e3cf3d21f40ffa39c245a6d03143fa85805380b5ada870651301771d7b0ca651aa7aab7418b0a8e6a9ebb8d4538afde70218f517de648e482b395475cca8637b052a2e5cd55ba5912b9a649ad382f686f2c51e062c2215f594e297af6e568ae6fb07035ca548ba62a8a2743ce311fcdbfb23182da48378b39d8d43d3b008c05c970d4d65eefba56bc0b259f84382aa4b6ad1bcc71b46ff6080f55b9437b9a64a0e5644a93ce311bcf4ee45842279b6a71405295cd573cc2455295709e6a2ebb361e17c2f5539b7cb06b7cb065cc1158a949bdb65530295dbc59105caecf39130f6bf3f5c58b89a5ac7aeec29ca55c89e0de32e5181525728aa7b707dee09b27eab0635392d98e976a0cd6de7d41f6976723080de93defcbfd1264ae18afdad92b8eba45a2ba3c77c18b08874923a9d38e68fe28237cc11ae2a66b7896873dbd1d6eac04cb79da35494b7773e1dc73ba7c7f3ffc67aab342dc870a5b05b0474345acb5e6b950903165189343a2d68745ad2f6e0e2d63e95491ea19aeab2315051d17a4f7a71723090ff37723fc124160198ee2c6dd3d0423060119551baad7de4cdab3ff78470c11b66e8329136b7036e97550955eca24e7a0845e2f8b7f74770762494ff374f71b0985dc55d67415bbda52c7dadf2c56789c84049a35c89c6a7ead0e5f186e11909b39eab0ce430252f64e0e81495c258308afdef8de4dfe38ac5ec499a6c22da1bac705acd17ac640c584426936e6a1190a61747fd118cfaa3f8dc1342301c635d5701dadc0ed86d02dc2e1bda5a1d68aab770648acaa2e0360cecccae68b28998596f314d9d55360c58441562a6db8e99484c2f5e31f1798f378c50388eb343525f2e862fa93d82c32662a6db0e875584db656390224315bc52d061015a1d355fcc5e49c14ac6804554e1e4a92ca5b6eb8ae4af7fee91ea3ce40036ea8b622c31e55889cd52e5f0248f42299fb38a70375bd91a814ce73f3e1ec3b133befcbf91dbde5464b09231601155393978a98bebd391831800652a32d3d7536919316b73677ea3508725e5f6ad13b7e7e813552216b317ae928395ac769f3d224aa20e60ca54a4da1579dc19518d2b784f415190a6041db5f90b85995705e68b018b8888484727070338f4f168fec5ec56510a57153c6a5308bb45c0f43a0bdc7596aaaae367c0222222d249c1f55635b8ed4d8b5d84bbce62e87e81a5c48045444454a450248e97debd987f7f2ba0a68ad9e5d1aa16875815d380d9306011111115e1f39130f6bf3f9cff9420206d79d358dd4d6d2d82545b35d56131756350bd316011111115a8e0cd9a45410a5755ba52d022002d0e69faaf5aa70073a9ce67968888a8848a6ac150a5dbde305425d335605dda6a4701399e8888a8621435255865c5ec768b8016bb5873d37f5ae81ab044014001af372222a24a50f094200038ad408bbde2c3558b5d44934dac8942f562708a9088882887b16014fbdf1b296c95202015b237db0bfb5e83d55b0534da12a18a537f9a316011111165d1ef09a2f7a4b7b02941a0e2b6bd5107aa269b5855cd3fcba9729e712222a2320a45e2e83de9457fa19ba2574831bb1ca49c5681814a470c58444444293e1f09a3f7a437ffbd046536511ab93259b8aab70a705a4534d904d45b4416a697100316111151422812c73b9f8e17b6dd8dcc6191f61434b8005c1e95aab70ab08bd2e814950f031611111100cf7804bd27bc8517b203866c7bd3641361b7087088021a6d021c1681abfb4c80018b88886a5e51ed1764252c66afb70ab0081335524e2b8394d93160111151cdd265d44a14a470556729f82ee411288b00d45b45d82d805d6488aa640c58444454734291388e9df5153f6a6515a57aab2cf54df2e8931c9e006904ca228001aa8a31601111514dc96b85a05500a289fe57d138100704bb085b240ec16e817da6134d8e8991ab469b90f836812bf46a1c03161111d58450348e773ef7e383011f4441405d830d4864207b2c0e4114205845c4e37188d178d222409b558490f8581405b4b43a50e72c7c4a90aa1f0316111155bd73a361f49df1231c8d63aacb96e3d6023275db6c6cb2a1d16583c8693dca81018b8888aa963f1cc3f1cf0338371a2eea7e6c3611cd53ecb03b386a45da3060111151553af945101f7b8208470bdc4310d2746093cb8686a65ca35e44c918b08888a8aa78c623e83be3872f1c2bea7eea1bac70b5d8391d480561c02222a2aae00fc770e27c1003c3a1a2ee87d381a407062c2222aa787a4d07ba5aeca86fe05b23158faf222222aa587a4d07ca75569c0e24bd3060111151c5f187633872c65fdc163790eaac9a5c7658d8149474c68045444415231c8de3bd7381a2ebac1c0e0b9a9a6dacb3a29261c0222222d30b47e3f8642854749d150bd8a95c18b08888c8d406864338793e58549d95d52aa0d1c502762a1fbed28888c894f4286067b022a3f015474444a6e2198fe0c417c1a20ad819acc8687ce51111912930585135e12b9088880ca5c786cc0c5664367c2512119121f4d8da86c18acc8aaf4822222a2b3d8295cd26a2a1c9c66045a6c55726111195851e35566c104a9542d78055dc4e504444548df40856f50d563434d960b389469f0e9126ba06acb3c1189aed7cf1131191d4207460385c70b01245010d8d56d437d8b85720551c5d03568443584444352d1c8de3dc68b8a8ceeb72e17a9dd3025164b0a2caa4ef1461acf0fda1cc4cfddb573816873790fc43c3178a15d569389be63a0b6c96e41f30ae3a1136d50f1d579adb101195933f1cc3c070b8a8bd02eb9c163436b1be8aaa83ae012b148e01a88cff18e1681cde401400e0f1497f8ff8a30827426231b5027acaf738ea6d229c89695a753873d74bcf4bbd5d8493350c44a4136f208a8f3da18257045aad029cf59c06a4ea53d5ab08bd8128c2d1383c3ee9ef91c4c772b0aa46bef0c4685ab67066b308d2c89728a0d96981559c0864aebaca08c944649c62ebab1c0e0b9c0d56b659a0aa5515af6c6f200a5f38066f20860be391aa0f517a0847e3ca0fc674dd93e591303974b9eb19be886a9d3c0d38703154505984d52aa0ce6945432347aba8fa555c9b06cf7804238128bc8158e26f06a9529047c2d2fd76eaaab3a0de26a2d96981d326a0b9cec2e04554c53ce311295815380d58e7b4a0bec1863a277f4e50ed30f508963710c548200acf789461ca44bc89e72275e44b1dbcdcf516d67b1155b070348e81e1103ef114365a65b389a86fb0c2d960e54a40aa49a60a58de401417c623f08c47e1f1450a5e8942c64817bce469c5a90d56b8eaa42947862e22f33a371ac6c0c570411b2fcb5380ce062b1b8252cd3334603150491c2558921c0ec74cd13643aef5524f35a6862e77bd956d26880ce40fc7f0b1278473de70dea355a22824a600ad6caf40a452d6802537a0f38c47e1198f94ac7754b9d86ca232f46db10ab0a84282cd6e81a8fa05ce62114d53d4190a264fb5c662403834f1b9781c0887269e1bbdc35abad0556f13e1aab3c0dd6041739d056eae2c222a29f9e7f1c79e50dee51772a8aa735a5957459441c9dfc5fce1183ef786716e34629ade52b958ad022c161182086598db9128e23653502a54badf32b5fe908c46e28846a5f01589c4114db4ef0f876388c7a466b3e10282b35c54af9e9670375839ca45a4b381e110ce7923794f01325411e5a72401cb1b886260385cd07073b9d86c52509247a16c76b12ac253a959ac022c56e987abdd91fdb652e88a2b414c1e19d31ac25247b9e46945778385818b280fe746c34aa8caa71483a18aa870ba06ac8b81284e0e064c15aa1c0e8b327de7a8b3304495913cfa972988c5627144c231658a520e60d1680c91c8e43701b988fe638ff4310317516685862ab950bdce69614d155111740d58a3c1d2edc997f344ac02ac3611369b089bdda28c50917989a2a0fc004ff7dbb13c02160ca40f5f9902d78c262b6bb8a826151aaae4960af63a0b57ff11e9a422df8544519adab33b4438ea2cb0aa8acda97a4c8c804d0e5fa16054997a0c87638846e2aac0150400cc68b2c1dd20af56e46fe2547de442f57c6baae4a93fbbc3823aa7853f3f894aa0220296d52a8d74d81d16d8ec227fc3a2c4eb61f2e7e5b0150e45713118c3057f04ef9d0ba0de26c2dd60c50c9795d38954d1e4f63603c3e1bc56ff391c16d81d22eaead9a38aa81c4c19b0d4814aaea122d2c2661361b3254f39cab55ede500c1e4f08e1cf03705a044e2752459036ac8fe09c3792577b1b9b4d1ae1b727821547a988cacb14ef2c522d8e883aa795818a7427d77aa54e358e866318f24610f184d06411e0b28b70d7b30717194fda11219268c4acadbd8dfc8b699dd3ca4045640286bd9370a50a19cd664b9e6e1e05e0f145111e0ea3d122c0651330854d4fa90c0ad9d582235444e656d6770e79a54a9dd3ca512a322579a42b0e6004c0c5701c27bf08c2168da3c92aa0d9c1fd14a978f9062a2eec21aa3c250f580c5554c9d4ad24c6008cc5814f86c3b044e37008c0d4461b5c75229a58344f1984a3d20a578f4f0a55de403467a092dacd885cd84354c14a12b018aaa89ac9812b02e05c348e73e3d24aae7a8b00a728a0de02382d0243578df206a2180944e11997feceb5d24f0e53ea504544954fd7806577587049039700536df245e3f045e3f0a8da11c9a1cb21028d5601f5a200e6aeea21afeaf30662895095bd20dd911891b258048629a22aa76bc0aaabb320c4370f22851cba000052ff535884e4e0e5b43078999d3f1c832f1483c717852f14cb3932c52dba8888cba388ca2c1a074623718c22b90e471dbcac8234e2658514c0a83cbc81a83222e50b495b7f651a95b25a05582cd2b49e2080418a889230601199c4a4e0159cf89a3d31da65172646bd2c02e01004d83923af995c701e8ec5e10dc4108ec6311288c21f4abf8faa23d1ecd8ee902eb2a3ce0221b1a28f88281b062ca20a108ac5118a0140fad567720003a014d7cb214cfdb96a264fe301523f3300ca28941cacd41c89fa278b5580c56941738315367be6fd2f8988f2c180455405260298340a964d936a0a4b9e8e543eb64cae052b677d983a24c97ce118fce189731af14b23500092469e1caa5024d73f01806813616f1031d565e3141e11950d0316518d5107b051e4ee189e8b5c3b964924124728317a341cd4be39310058ac22aca981c869813511941c005aca76e58888b463c022a2a2c8b56359d549a34b4d759c7a23a2dac04a4d222222229d316011111111e98c018b88888848670c58444444443a63c022222222d219031611111191ce18b08888888874c68045444444a433062c222222229d316011111111e98c018b88888848670c58444444443a63c022222222d219031611111191ce18b08888888874c68045444444a433062c222222229d316011111111e98c018b88888848670c58444444443ab31a7d004444444466110dc7e0393d86c1535ee00f2f29f87e18b0888888a8e6f94742183ce5c5f0591fa2e158d1f7c7804544444435291a8e61f8ac0fe74f79e11b09e97adf0c584444445453462f04e0393d06cfe9b1923d06031611111155bd902f02cfe9315c383d86902f52f2c763c0222222a2aa2417ac7b4e8fe93e05980b0316111111550db9ae6af8731f86cffa0c3b0e062c222222aa686609556a0c58444444547142be0886cffa307a21609a50a5c6804544444415c13f129246aacefaca5e53952f062c22222232a56838a68c508d7e1128cbea3fbd30601111119169c8a354a3170218fd2260f4e1148c018b8888880ce31f0961f48b8012a8f4d8a6c60c18b0888888a86caa3550a562c0222222a29219bd10807f3854f5812a150316111111e922e48bc09718a19247aa6a150316111111e52d1a8ec13712c2d81701f84642f00d872a6a955f4e76b1a86f67c0222222a2acaa3e4ca9d945a0de06d82c45dd0d031611111129462f04101a8f20e48b60f44200bee1506dd44d392c80d35a74b0923160111111d5a0d10b52c1b97f3804df4808a1f188e9bba3eb4e1400bb451ab1b208bade350316111151950af92208fa22f00f87a4bf4742082646a76a9a559446ab1c1640d03758290f61f439121563742cfd0f89b1f17051df9fafa6466dff951a1b6c19bfe6b08bb01759544944b567f482b4526fec8b0022e118435426f26895d32a05ac1263c022c344a371f8fc51e56375288a44e3f0abbe0600a363da429311b41f9bbfe0c7686acc1cce9c4e0bac1986b79d7516582ce97f98d43b2db0e83c2c4e44faf18f841009c794a93c394001a8e91608797158803aab14aeca88018b74150ac5100c49c590fe4004d1683c292c45a3b1a45045da650b71a5089f52f84a1fcc328dd8592c029c75e9bfc6113aa209727002a491270008fa26469d189e8ae4b04881aa845380b930609166f28853341a833f208524798acde797c294e11c29bfa15884f443c11641f782c6c9172c2efd4915894dfe7cd07ca1530ac2e98f4bef4067b78b7064f8edb2d0d139063a2a17b9ce4936a60a47be9189157835b31acf08f2f49f1cac4c80018b928c8e459400258f3c054351844206fc501005c0967883b489d2c7f2bfe5f75bab58faa0546eb138a0fe219c1ad4d4612c1a97025b850b8562195f63a59a1ace36e52a05becce1cc6e1361cff1439cd3afe627f7764a3596327aa41e5902806828567babedccc82a4e04aa32d454e57d78461f00959f3a4405136f6c651f8192c3933a44d9d384a95a240a9347e2d49a3207038463524003803892839afa6b802947cdcac90c357d168b807aa7b61fc3b9425fc6efb389b0db44e9f98ec6a4d797415326f908e551a4adae4b4a8705df55c222483daa1c96c42fdae67e1d336055b1d1b10842a12842e11846c722e51f89928392c3228d38a5062ad25feab5add338549e3a12a67e9da48ea8a506352a58341a2f6dd00b45818151e0820f68aa031cfc914f15c42a4a3fd3aca214ac2a6c4498ffdbaa803c8de70f448d09520ecb44ad935dacce69bb6a6711008b2a8c393406b374e14b9dbdaa703ab32244e3c067a3c0995129544d6dc0c4bc3a91098902604d8c50c9c1cae42354b930605598d1b108fc810882a118fcfe6879a7396caadf2618a408983c9d991accb24d67aac357b6e9ccd410479945e3c0e7e352b08a03687172d48accc92e0296c4fb88fca7caf07f9e89f9fd518c8e87e1f347e1f747cadbde409ee3b6254294d6110d22ad525f537a4c67a6aed0ac95e9ccd4606517814687f40646642479c5b63c32250a5519a6d261c03209b9d07c743c62dcc8943a54119915a733938f531dac2c89a5ea8d76704a90ca4a0e521679642a11a42a7c9aaf180c58069147a746c722f0f923e5ab99928bcc1d16e9b7dc5a5fb147b543afe9ccd4b619464c67a60b56a200386d9c12a4d291eba44471a2ee5680343a4593f07f62998c8e4530a60a54656b8920bfa9d855235444949f42a7c853a728b34d676a699b912e5801d21b5d839d5382543ca55d4ee2356f4bf9983463c02a1175a02aeb741f03159179a4feffd31ad452a7280351e0cc3870764c0a62ea51aa7a1b8315e5268f3e01d2eb454c8c7a5a127dd16aa42eaa9c18b074a29ef21b1d0b97b769a7c32215083350115507b9ce2c10054e8f029ea014b8ec56e98f7c9b267bfa9185480c88ab7e06c531b9a62c9c3262164365d49dd104ab08c83ff245d5aa6e51481eddace13a2823316015281a8d63782484d171295095b5ef94559c08545a575e1151e59083d5a03ffdd79d56a0c196f98d33dd68c4a4ad7db2d49cc9a2712096f2b32d124f0e6f996ec7c0965bba3d515303b35ce794e9eb645a0c5879f0fba318f686303c122a6fcb0440fa816a17a5bfd97b8aa83ae50a56d946ad4a2175c526a029976515cef0b3335d704b952ec8958b966b2e0a997f3e3318d51c06ac1c86474218f686cb3f4a250ad2e8941cacb8d28fa87a8d848073beccc10ac83d6a552932058d62831b91c93060a590a7fe86bd610c977bb774b943bad3caa93fa25a30129246ac86b3fcac29f7a81511e982010b5293cf616f089ea160f9a7fee47aaa7a2b0bd4896ac5a01f18f4650f56803462e5b456fea815510daad9806568a892a7ff1a6d0c5544b564d02f8d580572fcccb18ad2a81597ce1355ac9a0a58a608559cfe23aa2d91b8d4c3eacc78ee5575a220f5b572d6d48f66a2aa54f5ff8be59aaaf31702e50f5580d44aa13e11aa58a84e543be4e6a0837e6ded0a1c96443776fe9c20aa06551bb03c4341630ad5016958bfde2afde10f4ba2daa26545a01a8bd889aa5255052cbf3f8ac10b010c8f84cadb495d2687aa42f72d23a2caa5b5705d260ad254603dfb131055a38a0f58d1681c9e8b410c7e11286f9f2a9955041a12c18a538044b525129742d599f1dc85eb6a9c0e24aa7a151bb0864742f05c0c19330508249afe71b48aa826e55b5f25b38a89d5c3fcb94154ed2a2a60854231782e0671612868cc689528483f1c595b45549b4642c067e3802790dff771752051cda988ffeda363119c4fd45619c22a024d89604544b5251297029596fe55e9b05928514d326d6230bcb60a90a6ff9a6c9c0624aa45854e03caea1205ec1ced26aa49a60b58a1500c6707fdc6ad0404a4912a765927aa4d9e8014acb4ae064c6517a560c53a2ba29aa66bc0bac426e04ca4b05064f8342020052b1757f610d59c4074a2cd4221d38000fb591151125d0356b88070e5190a1ad7651d48149f2646ac18ac886a4bbe4d41d3b1240ad8eb4c372140440632e4278229eaabe415810dec5f4554530aed5d958ac18a88b2d0f527431c710099c34a341ac7f90b010c7e1130aebe0a908255938dc18aa896e8315a05b0033b1169a26bc03a7f3104618a63d2e743be08064f79e1397111d1581c98e6045a9de53f5bd65811d5163d6aab6472b062cb0522d2a0a463db215f04677f3f0ccfe931e913160b20c4814f46a43fd31b81990da50f3c4e2bd0cc604554333c01e09c3fff86a0e95804691a90c18a88f2509280352958a98902d0520f44a2c0b931e0d311a0b50e98ed92a6eef4c43e5644b5633c2c85aa42fb56a5628d15111541df1aac1870fa9d0be983d5a447b60053ea817014180f02ef9e07ec1660561330adbeb8d126765e27aa0d72c1faa01f180beb739f0c5644a4037d03d648505bb852b359a411ad5004f08781fe116954abd951d8a896cbce958144d54ecf2940995d041c56062b22d285be3f498a591868b74a7fe4a0e50d01ef7e21fdd09bd908ccc851abe5b000531cacb322aa56e3e1c446cb417da60065ecbc4e442560be5fd5528356340e0c8c4a235b53eaa4a2f8297513b717052958d5f1872351d5d17315602aee1548442564be8025938356380a04c3404800c643c0ef83d20fc44bea81cb5cc0f47a4e0712559340549afad3b3ae4ac61581445426e60d58329b45fa13890281088028601181500cf87814381f00a63b01771d47b1882a55249e0855bec23759cec62a4aa18af55544542695f3d3c66a015c5669a5210084a2402c2efd863b16063ef24a216b6a9df4b795bf9d12999a1caa2e04f42d56579347abaca2d1674b4435a67202965d041a5545ecf1b8349520d76901d20f69f90735c31691f99423545904c0699346b4390d484406317fc0b20840a37d62e44a26a8b6ad0825a60f83aa2258396c5945c0ed98085b44545ee5085580345a5567e16a4022320573072ca71568b0e5fe2dd46e91fe44e3403022852d79542b124bac42f22787ad660747b6884a25109536572e75a8e2681511999439039645009aecf9ff262a7760aeb7a51fd552872d80d388447a2ae5ea3f3551907ea1e26815119998f90256432220154b3daa154aa9d592a96bb65aec52d0e26a4422ede4fdff4642a50d55c044a7750747ab4aa1d921a2eb1247c9eebfdf1bc1696f895f234426629e806515a5512bbd57fb5854b55a9118e08f4cac40541b0e497f3ef24adbf334db13538976a3af0c91b9c8f5542321fd9b7fa692a700ed969a6c08ba72b673d2e7badbeb277daea3d9860e57fa1fe75dd3ead0e2a89c5594fdde30fa47d207b1bef3410c0793bbf80f0763e83b9f3c0dddf7451023411dbbfd1315c01c014baf51ab9c679b08718014b282726fad1472eb8733e313755b2d0e4e25526d2a573d95cc224f01567e7b85d4512175d8697188e89a36f1b5168725e9e35ad5e1b2a1c395fefd205db8d42235b4a9835a6a403bf099dfe84b4055c2d88055aa512b2de429c4469b14b4e4c0952ab56e8ba35b540be440558ea93fa06242953a3049a34636d5bfad933e4fe6901adab406b5de011f00398405012487358631cac6b880a5758560a90989ad33eaac526fad6c610b983cbad56c97eab75aecd2f9105522b9407d3824852a3d3753cec444a16a8e6b2220c96fbeead05469d36ca40f7510ebe96ccc783b75e8ea1d904257df17410c07a2ac3dab61e50f58a200b80a5821580e99c2563836b9660b90de84d485f272e09247b7582c4f66254ffb0d07cb534b25332054c9e1a9a5cea28c3e75b74bb54d0c4ea407f50859a6d131792a521e0d537f7cf48ba0d1a7402520e037e7e2c5df8da46b2488bea343996fe0b0485382468f5a15421ed50a4727af46cc84235c641646052a40fa7f5067056c624942d5924b1c897aa63aa5aea9c52172aa8e2a4a6a009347c558b06fb0ab9a0bfed6f28c608989fe544e73d4d41744aed902a4912b3970659b4ac934c2d5689302176bb8a854c6c3c058c49840250a5298b227fa5415b9fa4f1e819203931ca038fa44d5a4c5212aa35fe9a6237b077c0c5f15a6f423584616b297833c95188ea56fff908b5c34df68031aad1ce5a2fc45e252a01a4e14a497ab864acd2a4aa1ca5158f34f3944c9a1a9bbddc95575441ac8235ffdde08fa47c2e81df0b1ee4b4fa61dc1aab34ac1a112a704b552eab6121f476289b01501421adee4e4a279b516bbb4958f1cb858cb456af2cabeb130301e29cf2abf547237759ba879944a5e81278f44314411154f3df225712bff92c3168397314a13b04421110c2a784ab050d6449d893c1d1a4e8c6e85a3da021730d1f4544daee16a4c042e4e2f563f7964cae830054c4cfbd92c396ba9e49aa8eef67a65255ea1fd8b88a870e982973ce2254d3546d0773ec0761325a27f02aaf629c17cd9e42993c4d45f21810b481fba1a6dd2948c3cbd5867e11463a592eba40251602438f16fa36808544b12a3515d9738d035cda1d447119179c9bffca4fed2d3ef0da3ef7c107de783e81df0b1be4b07bad6602d1d0fe1f0695f754f09ea4d9e520c270ae6b5ae50cca6d126759c6f7648a14b0e5eec426f2c7944ca4c414a6611a43025d752a902d59c4470629022aa2df26857ef801f7d5f48e1abe6a618cd5283d5e0b4325ce52b754a311a07a2b144f0ca73944b264f23a58e7801d2542320852fab3011c638f2a58ff1b014a4c6547f4763e99f0b23d9c5e44025084a8d54d7b4ba4490e2d41e512d4b37dac5912eed6ab048cae42c0260915b4224424f2436f1271a93deb8f35dad2893dfe833bde1cb01acc196e85f649928b2aff5ba2f393c4562520b04401a8502a48fcbbd724f2bbb0858c489306f1593a6f7badb9dec1945449ac84d55a55612525d57bf372c8d722542171ba74a18b02a81354d0d8c7aa44b095f3a4c2fe60a60f2f134aa5e3acdaae922752003a41a3133ae821c49393ff5f90622135b2599650a4f0b519046236d96c4bfa5d7cdcad9cea45a298e4a11919e3a5c366c586003164c7cae77c0a74c2df60ef86a72948b01ab52258d74a9c89de66371e9df31e83fb2124999f2ca77fa2b35a065e2b0645f892a4fbf653dd6b8712bef4a450e521679642a11a604012b673b95293e39501111955bbaa9c5de01bf12bc6aa1964bd722f7ee580cbd27468d3e274a2712939aa2cafb2a4613235e7a8c7a5169d8a5d004ab28852acb449002c0304544156b381853c296a9a715cd52e44e26264f31a6ebb22d87af483cf177e26306b0d2b28a800869144a9ed2139014a2644b12018ad37c44540d5a1c227a3a1b956d812a2670e581018b54e12bc3d7e5d00548236040621a32f1ef628aeeab911c9c8089402b08136d32726c25a36e8bd0ddee649822a2aa972d70ed39355691538a9c22247dc9a35f00104772fd973a9429b7376938b3a72c2a90a7ea923e568d32a51975d24a9eeaeb6e772a7da68888688261355c454c1132609139a50b637a13454d7be8e9491e9dea9eede4541f115181e49610bd9ff9f1e2a9b1d23d10031691392db9440a5152987272748a88a804f69c1a2b4dfd168bdc89cc61e56c676279b234edd7e2e09e9c4444a5a6aedf92a713f79c1a2bede8560e1cc1222a50b3bc8d04a7fb88884c4b1edd2aa8589e538444a5a70e54f2b41f1111550eb9766be77b5e6d53899c2224d21f0315115175e99a26f512dc7ced140c0763d8736aac6453890c5844090c544444b5a3c52162c30217362c70018012b6f69c1ad365ef44062caa590c544444245317cacb416b5711398b35585453e4557e3d9d8d0c5444449495b06fb0e0efe508165535b90f554f670357f9111151d93060515599e3b229fbf7f57436b20f1511111982018b2adebace46d651111191a9306051c5e1b41f1111991d0316999ebcdaafa7b391fbf91111514560c02253e2281511115532062c32058e521111513561c022c3cc71d99440253777232222aa060c5854562b674b61aae78a468e52111151d562c0a2926a768889512af6a52222a2dac18045bae3d41f1111d53a062cd2c5924b1cca46996cf6494444b58e018b0ac67a2a2222a2f418b0282feb12a354aca7222222ca8c018bb262913a111151fe18b068123954c97f888888283f0c580480a18a8888484f0c58358ca18a8888a83418b06a0c4315111151e93160d500862a2222a2f262c0aa520c55444444c661c0aa32729faa0d0b5c461f0a99d8b0770c3b9edb8fbef74ee18597df98f4f5adf7ad474b7323367e6db5291ee3b54347b1eeae07958f377e6d359e7c64535ec7a3be8f179ff9116e5abe24afef5f71fb77d1f7de2900c04dcb97e0c5677e54f0b5d18bfa9cb6deb71ef7de7dbbd18754d1763cbf1ff73cb41d4061af914ab0eeae07f1daa1a3557d8e66c1805505d8fc93b41af68ee1e1c77661c7f3fbb3deeee1c777497f3fb60b5bef5f9f57d02ac763ec787e3f36deb11a5d0b3acb72dd5e3b74540957ea8fcbf5f844547918b02ad4924b1cd8b0c0850d0b9b19aa4893bef74ee15b9bff1bfa07ce0100ba1674e2b635d763e31dabd1e26a4cbadd6b878ee2e1c77761d83b867b1eda8ede437dd8b5edfba6780cd95f3ff4140eeefe5959aedd9e975f9ff4b9175e7ea32603963a6c72c4cc3cf8bc980fdf992bc81c970d4f745f824feebe0c7ddf9a83cdd74e61b8224dfade3b85b51b1f5282cf938f6cc2c1dd3fc3bd77df9e147c002914dd7bf7edf8f4ed5fe2b635d70390c2847a8acea8c700808ef619cae3e51a25d3c3b0774c99e2549fc78ee74affd866d4f7de293cfc78ee114a2a2fadcfcb8bcffc08de0ff6c2fbc15e4e0f9618df9d4d6e8ecb867bfe600a8efce739e8bffb326cbe760a3756a6bc0c7bc7f0adcdff0dc3de3100d20f582dd3712dae46ecdaf67de5b6af1d3a8a279ede6dd863c8d481ede1c776298f592a2fbcfc86f2181bef58ad04c261ef584d868c525f6f2a0c9f17f361c032a1668788f50b5c78615d1bfaefbe0cdb6eba045dd31c461f1655a81dcfed574695b6deb73eefdf5a9f7c6493326af4c4d3bbd3fe202fc763c83a66cf50a640e47aaf525f3fd96d6bae47cf9a1b948fd34d1d56bbe111be919b119f17f361c03291759d8dd8b16606faefbe1c3bd7cc607b052adab0774c1911ea689f51706d863cc224af0c2cf763a4baf7eedb9540b6e3f9fdcaaa28bdf5bd772a69e5a05c53268fa0bd76e8a8122c8988d418b00ca6aeabdab3ae0d1b16b8585745bad9f1dcfe89e9ad225a2e6cbc63e27bd5abe9caf518e93cb975a24d83bc22516feaf612ea912b75884cd782828888ab080dd0ec10b1614133362c7071ea8f4a4a1d54d401265f2dae46783fd86bd863a473d3f225d8f8b5d5d8f1bcd46beb89a777ebba7a4a3d92d6e26a546aaf0069aa500e753b9edfaff9719f787ab7f27de5e8a525f775523f96dc974c5debd6e26ac4bd77df8edbd65caf8c0ca6bb1fb5fe8173705db936e973eae72fdd633ff1f46eec787e623ab9a37d06defdedcf331e7bffc0b94935799956a666233f972fbcfc46d2ebb5a37d06367e6db5e6e7ef9e87b62b75775a5eab72cfa96ce7297be2e9dd697bc66dfcda6a742dec4cfbcb4b21cf8bfa35f8ee6f7f9ef6f9d6f379d0eb35588938545246eb3a1bf1c2ba360c7fa79375555416f2d459d7824ecd6f46667c8c4cd405efb96ab7f2955adcae3eb78ef6194a9d59ffc039d38f627d323008401ae95b71fb7727bd590e7bc7f0f0e3bbb0f88fff42f7e956f9b1d7ddf5201e7e7c57ce29d5bef74e61c5eddfc53d0f6d4fbbe0415e2d77e9b26fe45c100148cfe3a5cbbe81871fdf356964b47fe09c725fa59a66cee5b54347b1f88fff020f3fbe2bedeb480e28ea46b7e5a0f7f360e46bd0280c5825b6e412079ee8be0417bfd3893debda58574565d33f704e090897b54fafd8c7c8465df3a577c1bbba805d3d7a25aba4627739483cf1f46e6524415eaaeffd602fb6deb75eb9edbabb1e9cf446bef16bab95dbca23291ded3392ee23d3888efcd8af1d3a8a9b962fc1c1dd3f536eff8b6d7f9374dbd70e1d4d0a12f7de7d7bd2ede5639547381e7e7cd7a4111cb51dcfefc7facd3f553ede7adf7a7cfaf62f95fb7af7b73fc7bd77df8e61ef18d6ddf560d9ebe9e44efcea0522e98e0f9868839234625cc4f392ebb8f47c1ed4af83425f83958801ab04e4558047fef31cf6ab22c3c8bf310228d9907b391e23975214bcf70f9c53ee472e6e4fb5f16b13a35aead1ae5cc72abfa1947bab9d279ede8d8d5f5b9d767b14f90d547d5bbd1ffbb635d7e3c5677e94742dd5ff1ef68e2585a1179ff911b6deb77ed2b5bff7eedbf1ee6f7fae9cc38ee7f7a73ddefe8173ca9b7e8bab316d4fb68ef619d87adf7a1cdcfd33b4b81a753fef6cd4e79bebf8e4d78adc0ea55cc7a5c7f3a066e46bd0087cd7d7d1cad94eec583303c3dfe9c4ce3533380548a6518ea9bb724f0faae95df0aeee6fa51ea94aa5ae39337be3d18ef61959f76f946b6a00fd0bf75b5c8d39f78e544ff13ef9c8a69cad3e766dfb7ed6d61eea37e8271fd994b5eb7ed782cebcf7b62c967a71c8d6fbd7673d3eb9de1028fd94b4decf839a91af4123306015698ecb8687bfecc627775f86de3bdab9c9329101d46f4072c17b313215b7a7527fcdec4d47b5acf054bfc9eb395da66e6d91897ccde5c2f35c5a5c8d49ad3d52df90e58fd56fdab98eb19c5b1fa95b9b6839df8d77acc6d6fbd64b9ba497f09719bd9f87a47330f035680406ac02c905ebfd775f862dcbddecae4ea6568e2ecf467792de7afffaa482f7427f38ef787e7fc6e2f6545d0b3a953704f5b4a21969090f2dcd13e7aae7f3d9b530fb63f7bd774a793c2d614896d4dae3f8a9b4f7974fd3db726d1d53c8f9cadb4bdd7bf7ed253b4ebd9f8774e7904ba95e834660c0ca83dcb38a05eb5409d445e7a5fa4db01c8fa195bccc1b486e7e9aaf5cc5eda9d46f2e662f76cfc7c59171ddeeab6376f6fabc23ef7da4fc3b9f51a41657a31280fb3f3b57f4fd956b044b7d7c666a49a0f7f3502c3d5f834660c0d260fd02175efbda6c652f4016ac532550ffe05617a357da63e4e3debb6f57de180a2978d752dc9e4a3dfda51efd22edd4dbbce43bfd258f78a85f7f85de5fb9ea08d5c7972b7c9693decf43ad63a3d10ce6b86cd8fc072dd8b0b099818a2a56d7824e65bb9761ef58516f2021750cb2000014784944415472f3c2d40699e5788c7c6cbd6f3dd6ddf52000e09e87b7e76cf0a8a6ae1f79edd0d1490d1bb5d8f19cf6c6a34454bd981c5270b48aaa4952117611abdcd43d69524775caf118f9485d7195cf54a11e4bc3ab61f553b9155377238fbaa8a7ab0bbdbf728d3e9ab5ce48efe7a1d6313d20b9b66ae79a19e86eaf37fa908874a1d72a377568c81ab04af418f92aa4e05dddcb6aeb7deb27356bccf5472e3cee7bef94a98bddcde89a0573957fe7d36072d83ba63c67eaa936f5bff3a90dd4bb8e30530d91fa7c8dae5dcc745c7a3c0fb5aea603967a252047aba81aa9975ae73b9a23eb1f3897b4743bb5f0bb1c8f91af420adef32d6e4f55499dddcd46bdcd523e2380ea1153f54ac56b16ce2de8fe72dd565d73a865842753782ae47ce5ff5b4f3cbdbb64a3a47a3f0fb5aee61245b34354fa56712520d582adf7276f6991cfe88adc395a693cb87593618f91afd482f76cbf91ab9b37deb47c49412bbbd4c5ee5a3bbbd30439106b0de9c3de3165c434b55f99fae3741b28a793eb3592eac8f18fb27e3dd782877c8f4fdea4598f46bad9e8f93cd4ba9a0958ea2eebec5b45b5a4c5d598b4e7dbbabb1ed4f483b37fe05cd2de675bef5b9fb1ff4e391ea310fff0c8b7957f677b6352bfc165ebdc9e8dfacd2557c3c54a26d7e9e83db5b5f18ed57985f4f59b7faa1c43ea1633f2e764f73cb43d6b78ea7bef94a67d2cd5e121dbeb49cbfda98f39d7f1bd76e8a8126232354ed5eb79d1fb79a865551db0d47b02b2cb3ad5b2ae059d78f1991f293ffc32ed680f486143ded55e1d7c72ad8c2bc7631472de5aba47ebf51bb83a9ca52bf87fe2e9dd705db916ae2bd72a2b1d2b8dba3e2e356414336a278774f9f5b3eeae07d3068f279ede8dc57ffc17ca1bffc6afad4efbba91f7f1938f4b7e2daa8f51de8078c5eddf05809cdbe5a83717ef7bef14d6ddf5e0a400f2c4d3bbb1e2f6ef62d83b96f597858ef619d8b5edfb9a8e4f7eadb4b81a937e6928c5f3a2f7f350cbaab24d035b2c104d76d3f22538b8fb6778f8f15d78e1e53794d60ad97e13ef5ad0897f78e4db9a8bcecbf118f9da7afffaac5376af1d3aaafc06ae654b975ce7dfd13e03fd03e794732fe7f62be570db9aebb173f912bc76e8a85213244bb7896f3eba167462ef8e47f0d70f3d85bef74e61c7f3fbb32e9cc815cae58dc0e5cd8b334db175b4cf480a15d96cbd6fbdb29041fe93aac5d5885ddbbe9f73c183dc8ee49e87b72b612ad3ff95ae059df8c5b6bfc9387dade7f3a2f7f350abaa2a60ad9cedc4e66ba7b0ae8a2803f9b7e6ad899aa3deffe89bf4062017ad772de82ce8cdb21c8f918f165723b6debf1ef73cb43dedd7b7fdcbffa3fc5bdd95bd501bbfb65a7993dcf1dc7e3cf94875052c407ac3966b82d4f458a2dfb5a0130777ff0c3b9edf9fb60e489e22cbb58d91ecb635d7e3a6b77f891dcfed57ee5376d3f225e8fe7257dee1e0c5677e841dcfef47efa1bea4a960f975add43169e86a7ed3f22578f7b73fc7134fef4e5b8f25d7126a1959d5f379d1fb79a845027e732eaed79d75c762e83d315ad613687688e8e96c645d15111111e94ad8577867fa8a1dc1e234201111119955c5052c4e0312111191d9554cc05abfc085cd7f30055dd31c461f0a1111115156a60e58cd0e119bff600abbac13111151453165c09ae3b261cb7237fb5611111151453255c0627d15111111550353042cd6571111115135312c60353b446c58d08ccdd7b6b07f151111115595b2072c16ae13111151b52b5bc062e13a111111d58a9207ac259738b0f9da290c5644444454334a16b056ce7662cb7237badbeb8d3e47222222a2b2d23d60adeb6cc4e63f6861b0222222a29aa56bc0fad2e58df8f1d54d469f1311111191a1745dc65767e3aa40222222222622222222229d316011111111e98c018b888874f5daa1a3705db956f973cf43db8bba8fd70e1d35fa946ada8ee7f7f3b928000316111195d48ee7f7a3efbd53461f0651599962b3672222d2e6b5434795b072efddb71b7d389afdf5434fe1e0ee9f197d185955eab52573e20816115105e97bef141e7e7c17763cbfdfe843d1a4a37d8672dc663fe64abbb6646e0c5844441564d83b66f421e4e5debb6f478bab1100f0f063bb4c7dfc663e36aa3c0c584444156478a4b24240c7ec19ca74dbb0770c0f3fb6cbe843caa8d2ae2d991b0316111195d4bd77dfae4c15ee787e3f57a2514d60c02222a2927b72eb26e5df0f3f6ede512c22bd7015211191c9ed787effa45e52fd03e7e0ba726dd2e7bc1feccd7a1ffd03e7f0c4d3bb933edfb5a013b7adb91e1bef58add44a95c24dcb9760e3d7562b2d1b9e787ab7ae2bf5763cbf1f7dc72717d2dfb47c09babfdc95f1b1f2b9b6af1d3a8a75773d0800d87adffa9cc7bfe2f6ef2aab126f5b733d766dfbbea6db77b4cfc0bbbffd79c6e32df67994cff9a6e54bf0e2333f02003cf1f46ee5be01643d864c9e787ab7129e3bda6760eb7deb71db9aeb936e23afd47ce2e9dd936adeeebdfb76e53caa010316115115eb7bef14fefaa1a732f6a1ea7bef94b27a4e4b6828c6bd77df8e175e7e03c3de313cf1f46e5d425ddf7ba7f0adcdff4d0906a95e3b7414af1d3a8a871fdf855ddbbe5fd49bf74dcb97a0a37d06fa07cee18597dfc87aadfa07ce255df35cd3a2c3deb1a43096ee3cf57e1e3f19180400acbbebc1a2a76dd5e1aa6b41277eb1ed6f946961d9facd3fc50b2fbf91f53e0060e7f2257872eba649df5f693845484464721bbfb61ade0ff6c2fbc15e6cfcda6a00d20881fc39f94faad70e1d4d1a45b9f7eedb7170f7cf92be67eb7deb9537b2871fdf5550d775ad3adaf52d7897cfaf7fe01c5a5c8dd87adf7a7cfaf62f339edffacd3f9d34c295efb595c34fdf7ba7b2ae3a4c0d12c3deb1ac2146fdb5ee2f77a53d4fbd9fc7fe817378f8f15d78edd051dcb47c49d27dfe62dbdf687e1eee7968bb12ae6e5abe047b773c32291c3dfcf82ee59adcb47c09766dfb7ed2f11fdcfd33e5fabf76e828d6def550c5afea64c02222aa42c3de31acdffc53e5e3179ff911b6deb71e5d0b3a936e77efddb7e3dddffe1c372d5f02409a3e4a9d7ed2935e05efeaf3eb5ad08983bb7f96d41222d3f9ddf3d0f68ca35d5aa8af5fb663578f46c9c7d4fb1f7d396fdfe26a548e35f53c01fd9fc7279ede8ddbd65c8f179ff951d27da6de7f26ebee7a5009adf2fda41b95dcf1dc7ee57e5f7ce6479346e9ba1674e2c9473629d3a8fd03e794efa9540c58444455485de3f2e4239b92deb4d3d9b5edfb4af049571fa3273d0aded53db5d24d47e53abf42a903d39e975f4f7b9b61ef98325ad3bdbc4b0913d9a6c7d4a33b6aa57e1e5b5c8d78f2914dc8d7b0772c696af1debb6fcf5863d63f704e398e5c53b4b7adb95e0977a50cfae5c08045445485e4dffe3bda6728532fd9b4b81a95dba9034229c805ef009482e77cc9c7b7f16bab35d5eab4b81a35051dadc70f641ec1527ffeb635d7a37b791780c97559b2bef74e29a36af26d65a57e1ed58151ab61ef18d66e7c4839cfadf7adc7d6fbd6673ea6e689fbcf368a2793a72a3f7dfb97791d97d9306011115519757d503e45dd1bef987803ef3b5edacd99b7debf5e79637fe2e9dd794ddba9cf2f359064238f8ca80bca0b213f66a6fbe93dd407400a62f2949f7caee942596a204b779ea57a1ebb166a9b0a94f57f762ea91eecc94736e52ca8574f7bbe76e868d1d3b49582018b88a8ca1c79ef23e5df5a6b6900e98d500e02fd9f95f60db0c5d59854f09ecf2896fafcd66ffe295c57aed5f4475dcb24afa02b843aeca40b4ccaf460a2585d1d30d28d28c961a56b4167d26852399ec78ed9f9add45387a3179ff991a65135409a1696cf61c7f3fbb1f88fff028bfff82ff0c4d3bb4b3e256d14062c22a22aa3def225dfe91f793aa79800a295dcf708c8afe05d8f2d6d8a79436f71352ac79d1a98d4a34eea7a2979d42bddea43f9bc5347a9ccfe3ce613c23bda67e0e0ee9f61eb7d132397f22ac6871fdf854b977d03ae2bd7e289a7771735ba6826ec8345444486d97adf7aa579e73d0f6fcfbbb9e58bcffc2867e17729dcb6e67aa5f7d4b0774c090d72e0ea5ad09934ea74db9aeb95d6093b9edbaf8cdebd76e868da4066565bef5baf8c38c9e7a375140b9042f5bd77dfaef4120390d4e0540a5cd2edb2d57555025d47b0fafd51a3cf8788a8e6a98b8af31da991474d2e6b9f5e96635517bca7eb509eebfc4a3d9599edb865ea9137f9dfa961493d4da81ea1918bbed5a362e9ced32ccf63d7824eecddf1881228ef7968fba4de625ac83dd1e4f612722f2f755d9ed1ab080f0c858afa7e062c22a22a73cd82b9cabff3996e19f68e296fe4f9d6e61423df8277f5f919552cddb5a05359bd28b76b50af124c57942ed764a947ade440a62e4c4f779e667a1ef50a59a9e406aaead74225d33760f918b088888ca62e96cea72581bab163beabcb8a916fc1bbfafcf269462937dfd4aba85a0e51724892af75bad128f5ede5aeeeea5588e96e6fe6e7510e59b27b1eda9ef118f3b9d61ded3392ae9391ab0d7b3de1a2be5ff711ac9148dcb08b4144441239b0689d761bf68e29a310ea9e51e53c5e75c17bae119b7c5720f60f9cc3c38fed52b66cd163636b79444a0e4ad946af00293cc8e7d87ba82f696a3153fd95999f47b92bbb6cfde69fa65da870cf43db95959c5ac296fa36ea69d2722b76564ef755847ddee2121f11116526bfe1e4facd7ee31dab93f6a6cbb5426ffde69f2af7996ecb9972f88747beadfc3b5787f7d4f3cb35c273cfc3db9537ee4c7d9bb45e5b99babfd50b2fbf91d4bd3d1375b353796a315bb34fb33f8f372d5f9214b2d26d1cadbe1eb94262df7ba792bada1bf13a548ea5c83ca37bc02a76488d888832534f25a58690a4dffc5d8df8c5b6bf51dea0d6ddf520ee7968fba491a1279ede8dc57ffc1713b5405f5b9db3716429cf4deb8ab4d4f35bbff9a769475052cf6feb7deb338eea68bdb66af2c8931c1c52f712cc747b7597f56c3dae2ae179cc15b2367e6db572cd9f787a37d66ffe69dacdb09f787a3756dcfe5de57346ae221c89c4d1e78d14751f027e734ed739bd2e9715476e701b76518888aa5dba5102207dcb82bef74ee1af1f7a4a5391f4d6fbd6ebf2a6fcdaa1a34aeb857cdb280c7bc7b078d55f24059a6cf791cff93df9c8a69c012e9f6b0b482351ea06a6b7adb93ee39e7c3275277440da1a265723513d9fc71dcfef575a2c68797eb4de5efdbca7bbadd662f88ef61978726bee7d174be9c5c1207ade192eea3e4a304518611d16115109bdf8cc8fd2fe769f6e497ed7824e1cdcfdb38c5b9a742de8c4d6fbd6e3d3b77f69d8c8955a8bab115befd73e72219fdfae6ddfcf797e5a46c7f2b9b6c0e4da292d5bf7a8bf27b55f56aef334f3f378d3f22549e172dd5d0f268d543df9c826a5d968bafd23377e6d35b6deb71eeffef6e786f704db33182cfa3e741fc102809d8b5d583fdb69c845212222222ac694df9ec770b8b8785492ad72769e09187241888888888af1e260b0e870054801ebb4de07d7eb09e1349b8e1211115185d9d6efd3e36e4e8b00fa4b71805b3e1c2fe7f5202222222aca697f14bd9ee2b6c849e82f59c0da331860b13b111111550c1d07874a17b086c3716cfb44976136222222a2923aed8f62e7677ebdeeae5f04d05baa83ddf2e1186bb1888888c8f436bf3faae7ddf58a00fa2ae8808988888874756028a44bef2b953e317ecbf46100478bbda74cf60c06f1a2be074d444444a48b91481c1b8e7af5bccba3f15ba60fcb7db07a4b79f01bde1d61c13b11111199ce960fc7d0af6f39532f30d168b4b794073f1c8e63c3d191523e04111111515e0e0c854ab120af170084785c1a5912f60d0e03682ee5896cb9a2110f5fd150ca8720222222cae9b43f8aaed73dba746d571989df32bd0548de2a674fa94f66cb8763d8a5df1248222222a2bc8d44e2e8796758ef7005a8b254590316006c78d78ba3de48391e8a88888828c948248eee3787d0579a2cb247fe8732450800c2bec17e00734a7d722d3601bdd7b56289cb5aea87222222220250f270753a7ecbf40ef90331e58b3bcb7182c3e138badf1a62fb062222222a8b12872b202543a506ac6d00cab2dc6f382ccd7fb2268b8888884ae9b43f5aea703502294329920256a2e9e836cd77a7830def7ab1f15d5d1b7c1111111101905a3174bdee2965b802806d890ca510d3dd08651ac592edfccc8f6b5ef7b0f89d88888874b3f5c37174bf79b114ab05d5268d5e0169029611a35800d0e78da0eb750fb67e385eee87262222a22a726028846b5ef760cb8763e578b849a35740ca2a42e593fb065b206d025df21585e974382dd8b9c48595ad76231e9e8888882ad0697f145b3e1cc7cef2d5779f06d0a539600180b06fb007c00b065d230040b7db8e2d57343068111111514606042bd96df15ba6ef49f7858c010b00847d837b00ac2bf7d1a6ea705ab0f9b27a6c98ed44b35530fa70888888c8040e0c85b0f3b38011c10a005e8cdf32bd27d3177305ac16183855984ecf74077aa63bd0edb6638ed362f4e110111151191d180a61cf60107bce05d1ef8f1a751819a706655903160008fb06bb01bc66d41964d3e1b4a0db6d4797cb8a2e97151d4e0b4317111151151889c4d1e70da3df1745bf3f86dea1107a3d21a30f4b7653fc96e9bdd96e9033600180b06f703380278c3e9b7c75bb59bb4544445429a43065d8a89456f7c66f99be2dd78d34052c0010f60dee04b0dee8b32222222232c8aef82dd33768b9a1e6800500c2bec15e002b8d3e3b222222a2323b10bf657ab7d61b8b5a6f98d003e0a8d16748444444544647216520cdf20a58896af96e3064111111516d380aa03bdb8ac174f21dc15287ac03469f3111111151091d4001e10ac8b3066bd237b3f09d888888aa93e682f674f21ec1524b3cf0bd465f01222222221ddd5b4cb8028a1cc152ee446a46ba1326eaf84e44444494a7d30036e46a22aa45512358b2c481740178d1c8ab4244444454a017216d7fd3abc79de93282957487fb067b006c0347b3888888c8fc4e03d81cbf65fa1e3def54f78005289b446f4efc692ef9a521222222cacf08a401a16d85ac12cca524014bb973062d222222329792062b59490396f22013416b03387548444444e5771ad282bc92062b59590256d2034a355af21f8e6a11111151a98c00d803608fde3556b9943d60253db814b6ba137f96187620444444542d8e02e805d05bee50a56668c04a3a10691ab10b52d8ea50fde19422111111a53a0da05ff5a717405f39a6ffb4f8ff01347e3327ba64981c0000000049454e44ae426082, 0, 0, 0);
INSERT INTO `user` (`ID`, `username`, `email`, `password`, `first_name`, `last_name`, `adress`, `birth_date`, `profile_picture`, `isWarn`, `isBan`, `isAdmin`) VALUES
(2, 'Gabi', 'gabdu68@gmail.com', 'motdepasse', 'Gabriel', 'Dupont', '34 rue des Coquelicots', '1997-06-10', 0x89504e470d0a1a0a0000000d49484452000000500000005008060000008e11f2ad000000097048597300000ec400000ec401952b0e1b0000052e49444154789ced9cbf6b1b6718c7bfbe93876491b087c46911362dded418d2409722b09752ab98d02d4bd6203a752cd45cfb07742a265bf192762a3455ba25e03124053bdad2218d68496a2a11d1828612d4c13ce24e7aef7d9ff7ee91ee7d657dc0609dee24ddc7efcfe7919fa5e17038848193561bdd4e0fdbcdbae9549cb4da787070643caf08769a755c6dd48ce73d3c38c26a7585756ec974c2b81093447a53d724dac83b6eb5478f4dd704ba27c7e51db7da78c81073b551c30ea3b5ce8aacf21e1c1ce124f65845aac0b4aee89bc4acf2089344a540d338e68bc4bcf2089dc409812a79ebd7aad81afb20ae4bcc236fab51c3fab56ae2589ac4308aa2881ea4c9dbdbdfc53b1f6c60d01fe0d5b3d3d173af9e9d62d01f60e3fabaf6435edebc848be50b78fef885f18624c82b6fbb59c7e687efe2afdf4ef1fa657ff4dcf3c72f70b17c0197372f8d8e8d04eae485cb210060e3fabaf31225e4014010062c8961144511471ee1b244297904476278e3fd4f23ae3cc24589d2f20893c452b7d39bb8a8b2564e95476ca77ce0c3db778d37019cddb0d4627ba759c771abad9d4989c6171f4d7ceed5ea8af69a70394465ad3c71bcdbe9a144e6e36f4ebf9b761daa3756fd415448ed58a8e5715fc7244b85aed506c099a8accb943ce45de270bb6d1e8c930d1df44da20bf280b185b42f125d91072876226912b9635b56b8126721afdbe9b1676ae55e582571169824ce429e0aed3227ed22d724ba280f30c4035d91e8aa3c801191e684f1a7415c98abf20060e9f8e7a743d7c2efbeb0d3ac23283ae8e92b34ac0440f19163df888fc9a349642191c7f8849698851712f5a8560313b3f034f2ba9ffff219ebbcc3db778d3b9ed5ea0a6eddb9c97abd6f3efe96751e87b4a594721db868894974ebd0d485f442e219a645bc762772de257276405a81c0f995c8dd3e968ac861b88e4d8e45995452e1eab7aea4b1cdb118bb709c79efce59a23e560281f995983564662d10983f8979e28dc678601a36632277a28a67fe75e7705f8f43de606d6681005fa26442eacd7f6fc45e4f22d29da90bc7f1b53b4ba509720b04fc93289963111108f823513a41c51e0339a1a1223278b6743b3dd13097580be466b18a463a552b22d0177984a4c4dc027d93474849cc25d057798484c4cc0b691b792ee74454dfd0b521530bf4bde58d93a7255a0b9c37794456895602e7551e9145225be0bccb236c25b22691ad460dfffcfdaf6818a92838f750b952c656a3c6cb89984ea096c799217d807b0f7bfbbb00ccb3b3b60b9f976e9b06a73ba70a3ceff2089344a5c085bc243a891363e034e4b99c13e192b66349089c56cb733527628b4ae2a80b2fba2d8ff1ee1c000b79b6c4259616f2b241ce96b8b5b3de7eef2dd63f2b4be61be8af9c35d4a482135aeb767af8e3e99face493712f5c543131ea1945fdbb19a7ec1360593b6b568c0f2b2e4bb4ae9d356dd2c664572566aa9d352d4c139a8b12d9b5b354653f24e1ae066621b1b25666d7ce4a08b4a9602489ed526ada12c3e5107bfbbb2c892381bec8235c911800fec9235c9018f82a8f285a62e6da5969e23948e7586c72183f7e790fbfffda491c337de54d573b2b3cbcff5d645b894dd76a1ffdf0447b03d4f21e7dff04dd4e0f83fe20f74f1004b8f1d5271315e554dcba73935558318e68edac3c5d7eda810b4e77b6996101e1da592ecb23242572ca3f2522d2ba5278abd515e7e5119c2f0c91c49fbebe9f1813e91eb9e59f2672223a89715c954748488c235a3bcb7579449eee1c47b476962ff288bc12456b67f9268fc82a51b476d6eb977d2fe5119ccf141f132b6b65d635ff03fcb20a9da8dfc6970000000049454e44ae426082, 0, 0, 0),
(3, 'admin', 'admin@admin.fr', 'admin', 'admin', 'admin', '45 impasse Ribot', '2004-09-12', 0x89504e470d0a1a0a0000000d49484452000000500000005008060000008e11f2ad000000097048597300000ec400000ec401952b0e1b00000b9849444154789cdd9c6d5054d71dc69fdd65618ba08b2ec84b50313648a72112133a34f8811961b49336636ce3cb8c4d218993d70fb5e35a9d4ea2d34e93486526e334664c410d5199b1cac4a6ea08a99929b853274ae2b402130502c8cb4a020decf2b2ecde7eb0673df7eeb9f79ebbf75c47f37c02f778eee5b7cf9e97ff73eeda244992c0a15517d3799a61d7b2fd589bb151b34dfb441bb65eadd0edabd85d0600b8347641b7edc1c2f3284829d26c73d6df803f5e7f4db72f00f8e78f6f71b5b373b53220b7d3839aae1d9a6d0ef555ebf653ec2ec35bcbebf1d6f2fa2848337dd674ed80dbe9d1edc7a884032c495b8d8e89365588ed136df08d3669f641e039ed4970da93b820fa469bd03ed1c67cada66b073a26da5092b69aef8f3020e10001a032d78bc6a13a26443da7d0f0887821b2faaee9da81c6a13a54e67a39efde982c015892b61a0529453110f5dcc78247c40351e94202af20a5c812f701160104107dc769885aeed38247c403915c83c0a3efc50a590690b810b80d7167c71655f7f1c023d283e81b6dc2ce8e2d517856ba0fb01020207fe75bbe39c76c63041e911e44fa5a56ba0fb01820ed4296e28147c4f371b6da7d80c500017507988147a407d16af70140026fc3fa152d715dc0ed5cc0fcf71c579e2978444e7b12725c790062772bac6bc7fb77a8c9c6bb958b57def6cdaa93c7bacc2a6c5bfab6a9fee9d956a992b472ec2d3866aa7f3d59fa11d65bf7a92db679a5050fd0de9d8892a500e9755f5e723eb34dbc10b5e0d1d7e2d9779b91650069f715bbcb505bf889ea8c6c14a216bc829422d4167e129d58ac76a16500c93b4fcfb65ab3222f44bd8f6d65ae376676b6d285960024ee532e55f4d6857a10f5e0d1eb3e1aa2952eb404e0a1be6ad5759ededa4c0da21e3c56df3444ab5c281c60fb441bc2d2acea2259cf85402c441e786abb0e02312ccd5ae242e1ebc0bf0ebe8fa716fe527391ec1b6d86b77d936e5feb32ab0040171e00ec2d38aeb96d0b45a6f1d1f007f879d60bba7d1991edccf071496486119266e09f1ec0cda96e5337e6767af0e8bc5200c095ffb6602c3462aabf1c571e3292b2e1b4250acd58eca2338c9b93dd38bce253ec5ab6ffff5b2c63723b3d7879f11b38b1f23226c3014c860338b1f2325e5efc465c99468e2b0fbb96edc7e1159fe2e664b7f08cc52e3ac3f0cf0ce0acbf016b3336e268918f1b240d6e53ceabe80e76c237da04df6813ba839dd894f3aa219004dcd1221fd6666cc4597f03fc3303c233163b203ec3f8b0ff1d8422d370d81cba2095e05cf6e498eb929f5df6645d904a700e9b03a1c8343eec7f27da4664c66207c46718fe99017cec3f1afd9d05520d1cebba4a37b040b2c0117dec3f0affcc80ec1e45652cd159989e19499544ab92a2068f04f01989d96878f41273360e4b6184a46919345aaceb6a5556a62241386d49326844a1c834365e298e025406e6a1c8347edbb145756221d7a59752f48c6fbfd3506c86a174212d87cda10a4fcdf55a6392cb9ecc8407b0dd47cb6cc6225b488bce30c85868445a63aed1dd8472ec5393998c4506507486a1e54296f4c65ca37b5a3df7d18a376389d9ca89ce308cb890c761bc2ee4751fad7832961880a2338c40781c33d20c575b9edd06ef8e64469a41203cced596d69d8c25562c363100d5dee1782bc71bb25fc21c472a575b9e148d37699be348c586ec97b8dad2d22a5cb0d8c8008ace30e63852f14cf68bdcedf5c660a339ef33d92f72bf79407c198b0ca0e80cc388fb88b41c6634e735e2c27833962840d1198651f711a9b930de53063c2e3493b144018ace30d4dcd73ed1066ffb666cbd5a01df6833f3ffb2aeab762fbed1666cbd5a016ffb66e61247cf856633169b244912a9f7b1962a5baf5668aebd94e1f8aa8be998e348c5c9c7be90016c9f68c3a1beea9831b620a50895b9de1877d1d72d4829c2c1c2f3b2d77da3cd38d4b737e6de4ad2ca5199bb5de6e240781ceb3f7b0481f0b86c2bc793b1d0d7a5b77da45e6807c46718b4fbe48e8b9da06ebfbe29c691f475e99fef386e13f38df58d36c53892e54251198beddaf815e92fbd6f6a2e92f55c08dc71e29a7f2dc5c9c7be40efe475a6e3f4443b9254c10f169e57759c9e8823177d6f19d67ff608cefda88b3b6351ba9e8838f1f9453b613b317050129961dc9a1940580a1b06a754414a117e90ba1200706dfcb2e940a824ad1c0e9b03e989d942339684dec9ebba3b8c92b4d55ccf4d340ed5a167b213fe69befda79606a7fb90e55a1cfdd9ac7a27af2323291bc5c9f9dccf8068c9694f42efe47538821b3a778f85be46495ab9a90ec9581891c2a82f6a41aeeb4174053b303e3b66a81fb7d383aadced78fda1f7d074eb2466a5100e3cfc77a43ae6e1cbe07f3015091aea2fc79587d796fc1ebf5efa260ef7fd09cd238d48737a7403233d9161c0b1e8b9e4dd1d136d3003919e4802e171a42766e1a70bb7605d6615b25d8bb940d2e08ae63d812f03ffc681aff6a07faa0babe6ff04659ea7f0745615374802cefb600d1e4a29c4df86ebd13cd208e0f6906406223d86da4a5b3dd15c389ef37aac5958598d0e4b619cbf750247fa6b62e24eb7d383cdd9af605d5695acc84a57a595d5e8a948108d83753836f0e798e2428e2b0fcf3eb00d15e9bf881659955569a26d4bdf8e66cfbc524e408e45cf25ef26bf1875a2da623a101ec782c485d177d86eb3e3fb737e2873a4c39620735c82cd19fdffed136d38f0d59ee8effd535d28492b477a62160020c1e6c4c3738b658e5c90b850e638bbedce2ef5f4f00751f7d132ea44d6ec2d7320118f13f57622f76a26c2128f13d5963eccb3317a7078f6c2f74b2602e82faab55e573d5ca406c94835e67ec9440075487a70354f67296119ad07de4f9908100b8b67c7229b44582213cbd0745f5c15e91b816b783ab30a0e9bfe1315d5377e83fea92ecd36233343284f5fafdb5728328dd73b9f375cd62713cb597f03d78ec5ce737685c779e4a48152f75a26c273b686c779e42484dde82120a594473494bad73211a3879494521e21911db0d45af02aa5b600a6bf5b815517d49356e547ab42c2125d0724a2f7c15a0b72a5580b74403189d087804ae7af51ed6c49723ef3509052f77a26421f525aa292010140e9fc35cc434b80ca2c7c7af888ead10e00e80976e2dd9e3daaaf939bbf5f3291777bf6a027d8a9fa7acb37e7707af808f3b51880ca09838c71ca31f2bb9a8990314e3946aa4d2cb2319086c21ae35863e4772513618d71ac3152b9ed8b0224f0d426075a4a9034c45517d35195eb4565ee764d704a2941d25570ba3acc5bda57823cd4578dbabebd5180049edae4404b099286689324496a1caa435d5fb52e38a56890c5eeb2fb2a13b9347641179c5234c8aadced58975905db3f463e9286a67a0d81538a80fc76760c9f7fdb7a4f67222be63e81b9096e43e0942220335d8bd8e52c96ea57b4684ef544355d3b4c3f444d44c627a3454f35f1de5b4fb0135b3e2fe5ea53f8a35e661fa256f6c3b3ade291a87e94b2e46143b310e379564e4b56c1032c7c5e385e88669ed664c94a7880c58ffc1b8568f67961b3ede391e5df1bc30b51d413eb46db9995e5000131190b2d33198668dd158080988c8556bc198668dd358080f98c45a978320cd1e2feea2751227f605e72be90f522e9a33bd879d7e10180ad3bd0c1b513c9712de17a4ee4acbf81aba2ad2752d400c05531d613291ae83d9d0fdc0ea46e4ef570f56bc97767198906946255838c94de95e2a9b69891a55f3e262263a12522c3102dcbbfbd0db80df2779dbf528d099624e7e3fdc2f3dcd5a0a948102f5cad502dc397ce5f833fe41fb6141cd15d998545642cb4cc6418a265f92cccca583667bf02b7d323fb68931954afdcc4ca309e7d601bc64223b28f36b9a6a852989a2cfd088bc8586889c830844bb248a7066ba5d2568ff4e4a5e5d2b1fefdd26438a0da7636322b9d193e2e6db8fcb854daea91f6ddf0c6b4d977c32b95b67aa40d971f97ce0c1f976623b3aafd4d8603d2b1fefdd29397964ba5ad1ee9d460ad90bf89254b009e1aace502a7140d9286b8ef86970b9c523448ab200aff085ff8fa3444662c00846618650b7e16571f6afa1faf9b4aad6d1adeb20000000049454e44ae426082, 0, 0, 1);

--
-- Index pour les tables déchargées
--

--
-- Index pour la table `dislike`
--
ALTER TABLE `dislike`
  ADD PRIMARY KEY (`ID`),
  ADD KEY `ID_user` (`ID_user`,`ID_post`),
  ADD KEY `ID_post` (`ID_post`);

--
-- Index pour la table `follow`
--
ALTER TABLE `follow`
  ADD PRIMARY KEY (`ID`),
  ADD KEY `ID_user` (`ID_user`,`ID_followed`),
  ADD KEY `ID_followed` (`ID_followed`);

--
-- Index pour la table `like`
--
ALTER TABLE `like`
  ADD PRIMARY KEY (`ID`),
  ADD KEY `ID_user` (`ID_user`,`ID_post`),
  ADD KEY `ID_post` (`ID_post`);

--
-- Index pour la table `notification`
--
ALTER TABLE `notification`
  ADD PRIMARY KEY (`ID`),
  ADD KEY `ID_post` (`ID_post`),
  ADD KEY `ID_user` (`ID_user`);

--
-- Index pour la table `post`
--
ALTER TABLE `post`
  ADD PRIMARY KEY (`ID`),
  ADD KEY `ID_user` (`ID_user`),
  ADD KEY `ID_Post` (`ID_post`);

--
-- Index pour la table `user`
--
ALTER TABLE `user`
  ADD PRIMARY KEY (`ID`);

--
-- AUTO_INCREMENT pour les tables déchargées
--

--
-- AUTO_INCREMENT pour la table `dislike`
--
ALTER TABLE `dislike`
  MODIFY `ID` int(11) NOT NULL AUTO_INCREMENT, AUTO_INCREMENT=3;

--
-- AUTO_INCREMENT pour la table `follow`
--
ALTER TABLE `follow`
  MODIFY `ID` int(11) NOT NULL AUTO_INCREMENT, AUTO_INCREMENT=2;

--
-- AUTO_INCREMENT pour la table `like`
--
ALTER TABLE `like`
  MODIFY `ID` int(11) NOT NULL AUTO_INCREMENT, AUTO_INCREMENT=5;

--
-- AUTO_INCREMENT pour la table `notification`
--
ALTER TABLE `notification`
  MODIFY `ID` int(11) NOT NULL AUTO_INCREMENT, AUTO_INCREMENT=9;

--
-- AUTO_INCREMENT pour la table `post`
--
ALTER TABLE `post`
  MODIFY `ID` int(11) NOT NULL AUTO_INCREMENT, AUTO_INCREMENT=6;

--
-- AUTO_INCREMENT pour la table `user`
--
ALTER TABLE `user`
  MODIFY `ID` int(11) NOT NULL AUTO_INCREMENT, AUTO_INCREMENT=4;

--
-- Contraintes pour les tables déchargées
--

--
-- Contraintes pour la table `dislike`
--
ALTER TABLE `dislike`
  ADD CONSTRAINT `dislike_ibfk_1` FOREIGN KEY (`ID_user`) REFERENCES `user` (`ID`) ON DELETE CASCADE ON UPDATE CASCADE,
  ADD CONSTRAINT `dislike_ibfk_2` FOREIGN KEY (`ID_post`) REFERENCES `post` (`ID`) ON DELETE CASCADE ON UPDATE CASCADE;

--
-- Contraintes pour la table `follow`
--
ALTER TABLE `follow`
  ADD CONSTRAINT `follow_ibfk_1` FOREIGN KEY (`ID_user`) REFERENCES `user` (`ID`),
  ADD CONSTRAINT `follow_ibfk_2` FOREIGN KEY (`ID_followed`) REFERENCES `user` (`ID`);

--
-- Contraintes pour la table `like`
--
ALTER TABLE `like`
  ADD CONSTRAINT `like_ibfk_1` FOREIGN KEY (`ID_user`) REFERENCES `user` (`ID`) ON DELETE CASCADE ON UPDATE CASCADE,
  ADD CONSTRAINT `like_ibfk_2` FOREIGN KEY (`ID_post`) REFERENCES `post` (`ID`) ON DELETE CASCADE ON UPDATE CASCADE;

--
-- Contraintes pour la table `notification`
--
ALTER TABLE `notification`
  ADD CONSTRAINT `notification_ibfk_1` FOREIGN KEY (`ID_user`) REFERENCES `user` (`ID`) ON DELETE CASCADE ON UPDATE CASCADE,
  ADD CONSTRAINT `notification_ibfk_2` FOREIGN KEY (`ID_post`) REFERENCES `post` (`ID`) ON DELETE CASCADE ON UPDATE CASCADE;

--
-- Contraintes pour la table `post`
--
ALTER TABLE `post`
  ADD CONSTRAINT `post_ibfk_1` FOREIGN KEY (`ID_user`) REFERENCES `user` (`ID`) ON DELETE CASCADE ON UPDATE CASCADE,
  ADD CONSTRAINT `post_ibfk_2` FOREIGN KEY (`ID_post`) REFERENCES `post` (`ID`) ON DELETE CASCADE ON UPDATE CASCADE;
COMMIT;

/*!40101 SET CHARACTER_SET_CLIENT=@OLD_CHARACTER_SET_CLIENT */;
/*!40101 SET CHARACTER_SET_RESULTS=@OLD_CHARACTER_SET_RESULTS */;
/*!40101 SET COLLATION_CONNECTION=@OLD_COLLATION_CONNECTION */;
